:020000040800F2
<<<<<<< HEAD
:10000000F8070020A90100084D42000855370008F4
:1000100081400008BD020008E9520008000000000D
:100020000000000000000000000000005146000831
:100030006D0400080000000001430008D1460008DC
=======
:10000000F0070020A9010008814100081D36000802
:10001000B53F0008BD02000829520008000000009A
:1000200000000000000000000000000091450008F2
:10003000C903000800000000414200081146000802
>>>>>>> 8a274eeea5e1c58bf1cf451062b760e3f76587d0
:10004000C3010008C3010008C3010008C301000880
:10005000C3010008C3010008C3010008C301000870
:10006000C3010008C3010008C3010008C301000860
:10007000C3010008C3010008C3010008C301000850
:10008000C3010008C3010008C3010008000000000C
:10009000000000000000000000000000C301000894
<<<<<<< HEAD
:1000A000C3010008C1470008C3010008C3010008DC
:1000B000C3010008C3010008C3010008C301000810
:1000C000C3010008C3010008C3010008C301000800
:1000D000C3010008D9520008C30100080000000055
=======
:1000A000C301000801470008C3010008C30100089C
:1000B000C3010008C3010008C3010008C301000810
:1000C000C3010008C3010008C3010008C301000800
:1000D000C301000819520008C30100080000000015
>>>>>>> 8a274eeea5e1c58bf1cf451062b760e3f76587d0
:1000E000C3010008C3010008C301000800000000AC
:1000F000000000000000000000000000C301000834
:1001000000000000C3010008C3010008C30100088B
:1001100000000000000000000000000000000000DF
:10012000C3010008C3010008C3010008C30100089F
:10013000C3010008000000000000000000000000F3
:10014000000000000000000000000000C3010008E3
:10015000C3010008C3010008C3010008C30100086F
:10016000C3010008C30100080000000000000000F7
:10017000000000000000000000000000000000007F
:1001800000000000C30100080000000000000000A3
:10019000C3010008DFF80CD000F07EF800480047EB
<<<<<<< HEAD
:1001A00081540008F80700200648804706480047A9
:1001B000FEE7FEE7FEE7FEE7FEE7FEE7FEE7FEE717
:1001C000FEE7FEE7AD470008950100082DE9F05F66
=======
:1001A000C1530008F0070020064880470648004772
:1001B000FEE7FEE7FEE7FEE7FEE7FEE7FEE7FEE717
:1001C000FEE7FEE7ED460008950100082DE9F05F27
>>>>>>> 8a274eeea5e1c58bf1cf451062b760e3f76587d0
:1001D0000546002092469B468846064681464024B6
:1001E0001BE0284641464746224600F045F8534664
:1001F0005A46C01A914110D311461846224600F0C3
:100200002CF82D1A67EB01084F46224601200021E9
:1002100000F023F817EB00094E41201EA4F1010461
:10022000DFDC484631462A464346BDE8F09F0028B9
:1002300000DA40427047D2B201E000F8012B491EBB
:10024000FBD270470022F6E710B513460A46044673
:100250001946FFF7F0FF204610BD202A04DB203AA4
:1002600000FA02F1002070479140C2F1200320FA09
:1002700003F3194390407047202A04DB203A21FA07
:1002800002F00021704721FA02F3D040C2F12002AF
:100290009140084319467047064C074D06E0E06858
:1002A00040F0010394E8070098471034AC42F6D3BD
<<<<<<< HEAD
:1002B000FFF774FF1C5800083C580008FFE7FEE7F2
:1002C00083B001468DF80B0040F26000C2F20000DE
:1002D0000078024600280191009204D0FFE70098C0
:1002E000012818D0C0E09DF80B00552812D1FFE777
:1002F00040F25400C2F200005521017040F25F004C
:10030000C2F200000121017040F26000C2F2000060
:100310000170FFE7A8E09DF80B00552815D1FFE715
:1003200040F25F00C2F20000007800280DD0FFE725
:1003300040F25400C2F200005521017040F25F000B
:10034000C2F20000012101708EE09DF80B0040F226
:100350005F01C2F200010A78531C0B7040F2540393
:10036000C2F20003985408780B2867D1FFE70020F9
:100370008DF80A0040F25400C2F200004078512883
:1003800050DBFFE740F25400C2F2000040785328EF
:1003900048DCFFE700208DF80900FFE79DF8090021
:1003A000092813DCFFE79DF8090040F25401C2F26E
:1003B0000001085C9DF80A1008448DF80A00FFE768
:1003C0009DF8090001308DF80900E7E79DF80A0063
:1003D00040F25401C2F20001897A884221D1FFE73C
:1003E00040F25400C2F200004078532818D1FFE7D1
:1003F00040F25400C2F200008178C27841EA022142
:1004000040F2A832C2F2000211800179437941EA38
:10041000032151808179C07941EA00209080FFE773
:10042000FFE7FFE740F25F00C2F200000021017029
:1004300040F26000C2F20000017014E040F25F0080
:10044000C2F2000000780C280CDBFFE740F25F00EE
:10045000C2F200000021017040F26000C2F2000010
:100460000170FFE7FFE7FFE703B070477047000048
:1004700072B6FFE7FEE7000080B586B00146049043
:100480000498806D0390019100F090FA0290049816
:1004900090F8350002280DD0FFE7049880214165CF
:1004A000FFE70498002180F83410FFE701208DF861
:1004B00017005BE004980068016821F016010160F4
:1004C00004980068416921F0800141610498006C42
:1004D000002805D1FFE70498806C002807D0FFE7CB
:1004E00004980068016821F008010160FFE70498A2
:1004F0000068016821F001010160FFE704980068CD
:10050000006810F0010F1BD0FFE700F04FFADDF894
:1005100008E0A0EB0E00062811D3FFE70498202185
:1005200041650498032180F83510FFE70498002105
:1005300080F83410FFE703208DF8170016E0DDE7A0
:100540000498C06D3F2101FA00F003998860049877
:10055000012180F83510FFE70498002180F834105D
:10056000FFE7FFE700208DF81700FFE79DF8170071
:1005700006B080BD83B001460190019890F8350027
:100580000228009107D0FFE70198802141650120F2
:100590008DF80B000EE00198052180F835100198C8
:1005A0000068016821F001010160FFE700208DF87B
:1005B0000B00FFE79DF80B0003B070478EB00A46B2
:1005C00003460D900C9100200A90099008900B9022
:1005D00006920593FFE70B980F2800F2AB81FFE727
:1005E0000B98012101FA00F00A900C9800680A9912
:1005F0000840099009980A99884240F09681FFE7DF
:100600000C98406800F00300012807D0FFE70C9821
:10061000406800F0030002282FD1FFE70D988068A2
:1006200008900B984000032101FA00F0089921EA94
:10063000000008900C98C0680B9949008840089900
:100640000843089008980D9988600D9840680890B4
:100650000B98012101FA00F0089921EA00000890A6
:100660000C984068C0F300100B9988400899084323
:10067000089008980D994860FFE70C98406800F0D2
:100680000300032818D0FFE70D98C06808900B9866
:100690004000032101FA00F0089921EA00000890C7
:1006A0000C9880680B994900884008990843089085
:1006B00008980D99C860FFE70C98406800F00300A7
:1006C000022828D1FFE70D980B994FF6FC72C7F668
:1006D000FF7202EA51010844006A08900B9800F08A
:1006E000070080000F2101FA00F0089921EA0000BC
:1006F00008900C9800690B9901F007018900884067
:1007000008990843089008980D990B9B02EA530238
:1007100011440862FFE70D98006808900B984000AC
:10072000032101FA00F0089921EA000008900C98D2
:10073000406800F003000B9949008840089908437D
:10074000089008980D9908600C9880798007002817
:1007500000F0EA80FFE7FFE70020079043F644003F
:10076000C4F20200016841F480410160006800F4B5
:100770008040079007980490FFE70B9820F0030053
:1007800043F60801C4F20101405808900B9800F0AC
:10079000030080000F2101FA00F0089921EA00000F
:1007A00008900D980021C4F20201884203D1FFE7AE
:1007B0000020039034E00D9840F20041C4F20201A1
:1007C000884203D1FFE70120029026E00D9840F611
:1007D0000001C4F20201884203D1FFE70220019028
:1007E00018E00D9840F60041C4F20201884203D19E
:1007F000FFE7032000900AE00D9841F20001C4F2E7
:1008000002010722884208BF04220092FFE70098F5
:100810000190FFE701980290FFE702980390FFE73D
:100820000398C0B20B9901F0030189008840089930
:100830000843089008980B9921F0030143F6080239
:10084000C4F20102885043F60840C4F20100006877
:1008500008900998089921EA000008900C9880797E
:10086000C006002805D5FFE70998089908430890B5
:10087000FFE7089843F60841C4F20101086043F617
:100880000C40C4F20100006808900998089921EA18
:10089000000008900C9880798006002805D5FFE7B5
:1008A0000998089908430890FFE7089843F60C4117
:1008B000C4F20101086043F60440C4F2010000687C
:1008C00008900998089921EA000008900C9880790E
:1008D0008007002805D5FFE7099808990843089084
:1008E000FFE7089843F60441C4F20101086043F6AB
:1008F0000040C4F20100006808900998089921EAB4
:10090000000008900C988079C007002805D0FFE708
:100910000998089908430890FFE7089843F60041B2
:10092000C4F201010860FFE7FFE7FFE70B98013021
:100930000B9050E60EB0704785B00A46034604900F
:10094000ADF80E100498406902900298BDF80E10A0
:1009500000EA010C21EA000040EA0C400499886199
:100960000192009305B0704780B585B013468C4660
:1009700086460490ADF80E108DF80D209DF80D0000
:1009800000280293CDF804C0CDF800E005D0FFE7C1
:10099000BDF80E000499886105E0BDF80E00000462
:1009A00004998861FFE705B080BD000040F2DC30AB
:1009B000C2F200000068704740F24000C2F200003E
:1009C000007840F2DC31C2F200010A68104408608D
:1009D0007047000080B582B043F60040C4F20200C8
:1009E000016841F400710160016841F480610160B7
:1009F000016841F480710160032000F09DF80F2030
:100A000000F006F8019000F03FF8002002B080BD31
:100A100080B584B00146029040F23000C2F200007E
:100A2000006840F24002C2F2000212784FF47A737A
:100A3000B3FBF2F2B0FBF2F0019100F0E5FD00280B
:100A400004D0FFE701208DF80F0018E002980F286E
:100A50000DD8FFE702994FF0FF30002200F048F870
:100A6000029840F24401C2F20001086003E0012054
:100A70008DF80F0003E000208DF80F00FFE79DF8D0
:100A80000F0004B080BD000084B0FFE70020039099
:100A900043F64400C4F20200016841F48041016061
:100AA000006800F48040039003980190FFE7FFE79F
:100AB0000020029043F64000C4F20200016841F0B9
:100AC00080510160006800F0805002900298009010
:100AD000FFE704B07047000080B582B001468DF892
:100AE00007009DF90700009104F01CFC02B080BDD6
:100AF00080B58AB013468C4686468DF8270008914B
:100B00000792002006900593CDF810C0CDF80CE0B8
:100B100004F024FC069006980899079A9DF927305E
:100B2000029303F095FB029901900846019904F0A5
:100B30001DFC0AB080BD000080B582B00146019066
:100B40000198009104F038FC02B080BD80B588B0F7
:100B50000A460346069005910698002803920293E0
:100B600004D1FFE701208DF81F0026E1059843F628
:100B70000041C4F20201096801F00701884212D95C
:100B8000FFE7059843F60041C4F2020108700868C7
:100B900000F007000599884204D0FFE701208DF896
:100BA0001F000AE1FFE706980068800700282AD5A1
:100BB000FFE7069800684007002809D5FFE743F6DD
:100BC0000800C4F20200016841F4E0510160FFE74F
:100BD000069800680007002809D5FFE743F60800DB
:100BE000C4F20200016841F460410160FFE743F68E
:100BF0000800C4F20200016821F0F001069A926830
:100C000011430160FFE706980068C007002870D014
:100C1000FFE706984068012811D1FFE743F600007E
:100C2000C4F20200006800F400300021B1EB504F24
:100C300004D1FFE701208DF81F00BEE02CE00698EC
:100C40004068022805D0FFE706984068032811D1C4
:100C5000FFE743F60000C4F20200006800F00070F5
:100C60000021B1EB506F04D1FFE701208DF81F0088
:100C7000A3E010E043F60000C4F20200006800F0B8
:100C800002000021B1EB500F04D1FFE701208DF8E5
:100C90001F0092E0FFE7FFE743F60800C4F20200FE
:100CA000016821F00301069A526811430160FFF7C1
:100CB0007DFE0490FFE743F60800C4F202000068DE
:100CC00000F00C0006994968B0EB810F10D0FFE7E7
:100CD000FFF76CFEDDF810E0A0EB0E0041F2893E5C
:100CE000704504D3FFE703208DF81F0065E0E2E7BD
:100CF000FFE7059843F60041C4F20201096801F0DC
:100D00000701884212D2FFE7059843F60041C4F27A
:100D100002010870086800F007000599884204D0B5
:100D2000FFE701208DF81F0047E0FFE70698006805
:100D3000400700280CD5FFE743F60800C4F2020084
:100D4000016821F4E051069AD26811430160FFE77F
:100D500006980068000700280DD5FFE743F6080055
:100D6000C4F20200016821F46041069A126941EA66
:100D7000C2010160FFE700F053F843F6080EC4F229
:100D8000020EDEF800E0CEF3031E45F2E671C0F677
:100D9000000111F80E10C84040F23001C2F200010B
:100DA000086040F24400C2F200000068FFF730FE25
:100DB00000218DF81F100190FFE79DF81F0008B07B
:100DC00080BD000040F23000C2F2000000687047B1
:100DD00080B5FFF7F7FF43F6080EC4F2020EDEF807
:100DE00000E0CEF3822E45F2F671C0F6000111F854
:100DF0000E10C84080BD000080B5FFF7E3FF43F64A
:100E0000080EC4F2020EDEF800E0CEF3423E45F2D8
:100E1000F671C0F6000111F80E10C84080BD000048
:100E200080B586B00020059004900390029043F6B0
:100E30000800C4F20200006800F00C00014600281F
:100E4000019108D0FFE7019804280AD0FFE7019834
:100E500008280CD04FE042F20040C0F2F4000290AB
:100E60004FE047F64000C0F27D10029049E043F6A3
:100E70000400C4F20200016801F03F01059100681E
:100E800010F4800F13D0FFE743F60400C4F2020011
:100E90000068C0F3881047F64001C0F27D11A0FB46
:100EA0000101059A0023FFF791F9049012E043F63F
:100EB0000400C4F202000068C0F3881042F200414E
:100EC000C0F2F401A0FB0101059A0023FFF77EF9AF
:100ED0000490FFE743F60400C4F20200006800F447
:100EE0004030022101EBD030039004980399B0FB0D
:100EF000F1F0029005E042F20040C0F2F4000290EE
:100F0000FFE7029806B080BD80B588B00146069024
:100F100006980028019104D1FFE701208DF81F00F9
:100F20006EE306980068C007002800F0AB80FFE77A
:100F300043F60800C4F20200006800F00C00042828
:100F400013D0FFE743F60800C4F20200006800F087
:100F50000C0008281FD1FFE743F60400C4F202008A
:100F6000006810F4800F16D0FFE743F60000C4F2CB
:100F70000200006800F400300021B1EB504F09D0AE
:100F8000FFE706984068002804D1FFE701208DF8AC
:100F90001F0035E375E0FFE706984068B0F5803F35
:100FA00009D1FFE743F60000C4F20200016841F4F2
:100FB0008031016020E006984068B0F5A02F0DD187
:100FC000FFE743F60000C4F20200016841F480210B
:100FD0000160016841F4803101600CE043F60000DB
:100FE000C4F20200016821F480310160016821F43B
:100FF00080210160FFE7FFE7FFE7069840680028CF
:101000001FD0FFE7FFF7D2FC0590FFE743F6000093
:10101000C4F20200006800F400300021B1EB504F30
:101020000ED1FFE7FFF7C2FCDDF814E0A0EB0E00E5
:10103000652804D3FFE703208DF81F00E0E2E5E711
:101040001EE0FFF7B3FC0590FFE743F60000C4F293
:101050000200006800F400300021B1EB504F0ED0C8
:10106000FFE7FFF7A3FCDDF814E0A0EB0E00652816
:1010700004D3FFE703208DF81F00C1E2E5E7FFE797
:10108000FFE7FFE7069800688007002840F19B8093
:10109000FFE743F60800C4F20200006810F00C0FEE
:1010A00013D0FFE743F60800C4F20200006800F026
:1010B0000C0008282CD1FFE743F60400C4F202001C
:1010C000006810F4800F23D1FFE743F60000C4F25C
:1010D0000200006800F002000021B1EB500F09D0BF
:1010E000FFE70698C068012804D0FFE701208DF8CB
:1010F0001F0085E243F60000C4F20200016821F0FF
:10110000F801069A126941EAC2010160FFE759E05D
:101110000698C068002830D0FFE70020C4F24720BE
:1011200001210160FFF742FC0590FFE743F6000054
:10113000C4F20200006800F002000021B1EB500F81
:101140000ED1FFE7FFF732FCDDF814E0A0EB0E0054
:10115000032804D3FFE703208DF81F0050E2E5E7E2
:1011600043F60000C4F20200016821F0F801069A7B
:10117000126941EAC201016023E00020C4F2472065
:1011800000210160FFF712FC0590FFE743F6000025
:10119000C4F20200006800F002000021B1EB500F21
:1011A0000ED0FFE7FFF702FCDDF814E0A0EB0E0025
:1011B000032804D3FFE703208DF81F0020E2E5E7B2
:1011C000FFE7FFE7FFE7069800680007002850D513
:1011D000FFE706984069002825D0FFE740F68060C9
:1011E000C4F2472001210160FFF7E0FB0590FFE713
:1011F00043F67400C4F20200006800F0020000210F
:10120000B1EB500F0ED1FFE7FFF7D0FBDDF814E094
:10121000A0EB0E00032804D3FFE703208DF81F0086
:10122000EEE1E5E724E040F68060C4F247200021CB
:101230000160FFF7BBFB0590FFE743F67400C4F2C3
:101240000200006800F002000021B1EB500F0ED048
:10125000FFE7FFF7ABFBDDF814E0A0EB0E0003287F
:1012600004D3FFE703208DF81F00C9E1E5E7FFE79E
:10127000FFE7069800684007002840F1D680FFE7A6
:1012800000208DF80F0043F64000C4F20200006811
:1012900010F0805F16D1FFE7FFE70020029043F6D1
:1012A0004000C4F20200016841F080510160006812
:1012B00000F08050029002980090FFE701208DF826
:1012C0000F00FFE747F20000C4F20000006810F4CE
:1012D000807F24D1FFE747F20000C4F200000168DC
:1012E00041F480710160FFF761FB0590FFE747F271
:1012F0000000C4F20000006810F4807F0ED1FFE708
:10130000FFF754FBDDF814E0A0EB0E00032804D334
:10131000FFE703208DF81F0072E1E8E7FFE7FFE732
:1013200006988068012809D1FFE743F67000C4F2EF
:101330000200016841F0010101601FE00698806829
:1013400005280DD1FFE743F67000C4F202000168E2
:1013500041F004010160016841F0010101600CE00D
:1013600043F67000C4F20200016821F0010101603F
:10137000016821F004010160FFE7FFE7FFE706983D
:101380008068002821D0FFE7FFF710FB0590FFE7FA
:1013900043F67000C4F20200006800F00200002171
:1013A000B1EB500F10D1FFE7FFF700FBDDF814E0C1
:1013B000A0EB0E0041F2893E704504D3FFE7032005
:1013C0008DF81F001CE1E3E720E0FFF7EFFA05903E
:1013D000FFE743F67000C4F20200006800F002006C
:1013E0000021B1EB500F10D0FFE7FFF7DFFADDF877
:1013F00014E0A0EB0E0041F2893E704504D3FFE7F4
:1014000003208DF81F00FBE0E3E7FFE79DF80F00E6
:10141000012809D1FFE743F64000C4F20200016849
:1014200021F080510160FFE7FFE7069880690028FE
:1014300000F0E280FFE743F60800C4F20200006813
:1014400000F00C00082800F08B80FFE70698806908
:10145000022860D1FFE76020C4F24720002101602C
:10146000FFF7A4FA0590FFE743F60000C4F202007C
:10147000006800F000700021B1EB506F0ED0FFE764
:10148000FFF794FADDF814E0A0EB0E00032804D374
:10149000FFE703208DF81F00B2E0E5E70698C16979
:1014A000026A436AD0F828C0114341EA83114FEA27
:1014B000CC324FF6FF739A43A2F580321143C06AD3
:1014C00041EA006043F60401C4F2020108606020B2
:1014D000C4F2472001210160FFF768FA0590FFE799
:1014E00043F60000C4F20200006800F00070002122
:1014F000B1EB506F0ED1FFE7FFF758FADDF814E0BB
:10150000A0EB0E00032804D3FFE703208DF81F0093
:1015100076E0E5E723E06020C4F247200021016087
:10152000FFF744FA0590FFE743F60000C4F202001B
:10153000006800F000700021B1EB506F0ED0FFE7A3
:10154000FFF734FADDF814E0A0EB0E00032804D313
:10155000FFE703208DF81F0052E0E5E7FFE74AE0D0
:1015600006988069012804D1FFE701208DF81F004B
:1015700046E043F60400C4F20200006804900698B6
:101580008069012831D0FFE7049800F480000699B3
:10159000C969884229D1FFE7049800F03F00069905
:1015A000096A884221D1FFE7049847F6C0710840D4
:1015B0000699496AB0EB811F17D1FFE7049800F440
:1015C00040300699896AC9034FF6FF729143A1F52D
:1015D0008031884209D1FFE7049800F070600699D5
:1015E000C96AB0EB016F04D0FFE701208DF81F003E
:1015F00006E0FFE7FFE7FFE700208DF81F00FFE7A9
:101600009DF81F0008B080BD80B582B001460190F2
:101610000198009103F02EF802B080BD82B001461F
:101620000190009102B0704782B001460190009194
:1016300002B0704786B00A4603460490039100202A
:10164000029001920093FFE7049890F83C00012873
:1016500004D1FFE702208DF8170044E0049801212F
:1016600080F83C10FFE7FFE7029820F0FF000399A5
:10167000C96808430290029820F440700399896871
:1016800008430290029820F4806003994968084357
:101690000290029820F400600399096808430290C0
:1016A000029820F480500399096908430290029837
:1016B00020F400500399496908430290029820F4ED
:1016C00080400399C9690843029002980499096807
:1016D0004864FFE70498002180F83C10FFE70020F1
:1016E0008DF81700FFE79DF8170006B0704700005F
:1016F00087B00A4603460590049101920093FFE7E4
:10170000059890F83C00012804D1FFE702208DF8ED
:101710001B006CE00598012180F83C10FFE7FFE713
:101720000598022180F83D100598006840680390F4
:101730000598006880680290039820F0700003907C
:101740000498006803990843039003980599096871
:101750004860059800680021C4F2010188422AD03F
:10176000FFE705980068B0F1804F24D0FFE70598A7
:10177000006840F20041C4F2000188421BD0FFE73C
:101780000598006840F60001C4F20001884212D0BA
:10179000FFE70598006840F60041C4F20001884266
:1017A00009D0FFE70598006844F20001C4F2010186
:1017B00088420ED1FFE7029820F080000290049842
:1017C0004068029908430290029805990968886068
:1017D000FFE70598012180F83D10FFE705980021FB
:1017E00080F83C10FFE700208DF81B00FFE79DF814
:1017F0001B0007B07047000080B584B0014602901E
:1018000002980028019104D1FFE701208DF80F0014
:1018100043E0029890F83D00002808D1FFE70298C5
:10182000002180F83C10029800F03CF8FFE7029895
:10183000022180F83D10029850F8041B00900846E1
:10184000009902F0C5FF0298012180F84610FFE7D9
:101850000298012180F83E10029880F83F1002980B
:1018600080F84010029880F84110FFE7FFE70298E7
:10187000012180F84210029880F84310029880F805
:101880004410029880F84510FFE70298012180F883
:101890003D1000208DF80F00FFE79DF80F0004B009
:1018A00080BD000080B588B00146079007980068A9
:1018B0000022C4F20102904204911CD1FFE7FFE72D
:1018C0000020069043F64400C4F20200016841F093
:1018D00001010160006800F0010006900698039085
:1018E000FFE71920012100220290FFF701F9029879
:1018F000FFF7F2F81CE00798006844F20001C4F218
:101900000101884213D1FFE7FFE70020059043F66D
:101910004400C4F20200016841F4803101600068B3
:1019200000F48030059005980190FFE7FFE7FFE79E
:1019300008B080BD84B001460290029890F83D0046
:101940000128009104D0FFE701208DF80F0058E036
:101950000298022180F83D1002980068C16841F0A9
:101960000101C160029800680021C4F201018842AF
:101970002AD0FFE702980068B0F1804F24D0FFE73B
:101980000298006840F20041C4F2000188421BD076
:10199000FFE70298006840F60001C4F200018842A7
:1019A00012D0FFE70298006840F60041C4F200013F
:1019B000884209D0FFE70298006844F20001C4F2AF
:1019C0000101884212D1FFE702980068806800F0A8
:1019D000070001900198062807D0FFE702980068E9
:1019E000016841F001010160FFE706E0029800682C
:1019F000016841F001010160FFE700208DF80F0050
:101A0000FFE79DF80F0004B07047000080B58EB06E
:101A10000A4603460C900B9100208DF82B0008928B
:101A20000793FFE70C9890F83C00012804D1FFE7EA
:101A300002208DF83700BBE00C98012180F83C10A3
:101A4000FFE7FFE70C98022180F83D100C98006832
:101A500080680990099820F077000990099820F48F
:101A60007F40099009980C99096888600B98006874
:101A70000028069000F08280FFE7069810287DD0AD
:101A8000FFE70698202879D0FFE70698302875D020
:101A9000FFE70698402861D0FFE7069850283DD020
:101AA000FFE70698602849D0FFE7069870280BD01A
:101AB000FFE70698B0F5805F05D0FFE70698B0F520
:101AC000005F19D061E064E00C9800680B994A68E7
:101AD0008B68C96805911946059B02F045FF0C9873
:101AE000006880680990099840F07700099009988B
:101AF0000C99096888604CE00C9800680B994A685A
:101B00008B68C96804911946049B02F02DFF0C985C
:101B10000068816841F4804181603AE00C98006877
:101B20000B994A68C96803911146039A03F0F0F8CB
:101B30000C980068502102F03DFF2AE00C980068E4
:101B40000B994A68C96802911146029A03F012F98A
:101B50000C980068602102F02DFF1AE00C980068D4
:101B60000B994A68C96801911146019A03F0D0F8AF
:101B70000C980068402102F01DFF0AE00C980068F4
:101B80000B99096802F016FF03E001208DF82B0085
:101B9000FFE70C98012180F83D10FFE70C98002129
:101BA00080F83C10FFE79DF82B008DF83700FFE729
:101BB0009DF837000EB080BD80B58AB00A46034656
:101BC00008900791089800280392029304D1FFE738
:101BD00001208DF827008CE0089890F83D0000283F
:101BE00008D1FFE70898002180F83C10089800F021
:101BF00085F8FFE70898022180F83D1008980068F2
:101C0000816844F2070291438160089850F8041BF0
:101C100001900846019902F0DBFD08980068806891
:101C20000690089800688069059008980068006A26
:101C3000049007980068069908430690059840F2BA
:101C400003318843059007988168806941EA002044
:101C5000059908430590059840F60C418843059086
:101C600005984FF2F001884305900798C168C06954
:101C700041EA002005990843059007980169006A28
:101C8000090141EA0030059908430590049820F0C5
:101C900022000490049820F088000490079841687E
:101CA000406941EA00100499084304900698089995
:101CB00009688860059808990968886104980899F6
:101CC000096808620898012180F84610089880F891
:101CD0003E10089880F83F10089880F84210089845
:101CE00080F84310089880F83D1000208DF82700F8
:101CF000FFE79DF827000AB080BD000080B59EB0C8
:101D000001461D9000201C901B901A90199018906D
:101D10001D980068B0F1804F0E915FD1FFE7FFE79B
:101D20000020179043F64000C4F20200016841F021
:101D300001010160006800F00100179017980D90F4
:101D4000FFE7FFE70020169043F63000C4F20200E0
:101D5000016841F001010160006800F00100169087
:101D600016980C90FFE7FFE70020159043F630002F
:101D7000C4F20200016841F002010160006800F055
:101D80000200159015980B90FFE74FF40040189053
:101D90000220199000211A911B9101221C9200230C
:101DA000C4F202030DF1600C0A90184609916146D5
:101DB000CDF820C00792FEF701FC082018900A9881
:101DC000199009991A911B91079A1C9240F20040B0
:101DD000C4F202000899FEF7F1FBB8E01D98006814
:101DE00040F20041C4F20001884234D1FFE7FFE72E
:101DF0000020149043F64000C4F20200016841F054
:101E000002010160006800F002001490149806902E
:101E1000FFE7FFE70020139043F63000C4F2020012
:101E2000016841F002010160006800F002001390B7
:101E300013980590FFE73020189002201990002198
:101E40001A911B911C9040F20040C4F2020018A9A4
:101E5000FEF7B4FB7AE01D98006840F60001C4F27A
:101E60000001884234D1FFE7FFE70020129043F6DB
:101E70004000C4F20200016841F004010160006802
:101E800000F00400129012980490FFE7FFE7002092
:101E9000119043F63000C4F20200016841F00201E3
:101EA0000160006800F00200119011980390FFE7B4
:101EB000C02018900220199000211A911B911C90AB
:101EC00040F20040C4F2020018A9FEF777FB3CE0A4
:101ED0001D98006840F60041C4F20001884233D1E9
:101EE000FFE7FFE70020109043F64000C4F2020035
:101EF000016841F008010160006800F008001090DE
:101F000010980290FFE7FFE700200F9043F63000A3
:101F1000C4F20200016841F001010160006800F0B4
:101F200001000F900F980190FFE703201890022006
:101F3000199000211A911B911C900020C4F20200FC
:101F400018A9FEF73BFBFFE7FFE7FFE7FFE71EB03F
:101F500080BD000080B588B00A4603460690059112
:101F6000069890F83E008DF81300069890F83F0010
:101F70008DF81200069890F842008DF8110006982E
:101F800090F843008DF81000059800280392029302
:101F900017D1FFE79DF81300012805D1FFE79DF851
:101FA0001100012804D0FFE701208DF81F007AE01E
:101FB0000698022180F83E10069880F84210FFE74C
:101FC00042E00598042817D1FFE79DF81200012888
:101FD00005D1FFE79DF81000012804D0FFE701209C
:101FE0008DF81F005FE00698022180F83F100698E8
:101FF00080F84310FFE726E09DF8130001280FD179
:10200000FFE79DF8120001280AD1FFE79DF81100B3
:10201000012805D1FFE79DF81000012804D0FFE753
:1020200001208DF81F003EE00698022180F83E1046
:10203000069880F83F10069880F84210069880F8BD
:102040004310FFE7FFE7FFE705980028019004D061
:10205000FFE70198042807D00DE0069800680021EA
:10206000012202F05BFC14E00698006804210122C2
:1020700002F054FC0DE00698006800210122009255
:1020800002F04CFC069800680421009A02F046FC1D
:10209000FFE706980068016841F001010160002037
:1020A0008DF81F00FFE79DF81F0008B080BD0000FD
:1020B00082B001460190009102B0704780B584B0B3
:1020C0000146039003980068C06802900398006876
:1020D00000690190019880070028009124D5FFE74E
:1020E0000298800700281ED5FFE7039800686FF06C
:1020F000020101610398012101770398006880695A
:1021000010F0030F04D0FFE70398FFF7D1FF06E0BC
:10211000039800F03BF9039800F04AFAFFE70398B0
:1021200000210177FFE7FFE701984007002824D549
:10213000FFE70298400700281ED5FFE703980068D4
:102140006FF0040101610398022101770398006890
:10215000806910F4407F04D0FFE70398FFF7A8FFE1
:1021600006E0039800F012F9039800F021FAFFE767
:10217000039800210177FFE7FFE701980007002897
:1021800024D5FFE70298000700281ED5FFE7039833
:1021900000686FF00801016103980421017703983A
:1021A0000068C06910F0030F04D0FFE70398FFF741
:1021B0007FFF06E0039800F0E9F8039800F0F8F9D3
:1021C000FFE7039800210177FFE7FFE70198C006CA
:1021D000002824D5FFE70298C00600281ED5FFE797
:1021E000039800686FF010010161039808210177DE
:1021F00003980068C06910F4407F04D0FFE703989B
:10220000FFF756FF06E0039800F0C0F8039800F0CF
:10221000CFF9FFE7039800210177FFE7FFE7019877
:10222000C00700280FD0FFE70298C007002809D098
:10223000FFE7039800686FF001010161039800F067
:1022400089FAFFE7FFE70198000600280FD5FFE7AE
:1022500002980006002809D5FFE7039800686FF090
:10226000800101610398FFF7D9F9FFE7FFE70198C3
:10227000400600280FD5FFE702984006002809D540
:10228000FFE7039800686FF040010161039800F0D8
:10229000F1FEFFE7FFE70198800600280FD5FFE772
:1022A00002988006002809D5FFE7039800686FF0C0
:1022B000200101610398FFF7B7F9FFE7FFE704B0DA
:1022C00080BD000080B58CB001460B9000200A90C4
:1022D00009900890079006900B9800680022C4F2BD
:1022E00001029042039123D1FFE7FFE70020059010
:1022F00043F63000C4F20200016841F001010160C0
:10230000006800F00100059005980290FFE74FF487
:10231000106006900220079000200890099001208C
:102320000A900020C4F2020006A9FEF747F92BE04C
:102330000B98006844F20001C4F20101884222D1E6
:10234000FFE7FFE70020049043F63000C4F20200EC
:10235000016841F001010160006800F00100049093
:1023600004980190FFE70C200690022007900020BF
:102370000890099003200A900020C4F2020006A9E8
:10238000FEF71CF9FFE7FFE70CB080BD82B0014605
:102390000190009102B0704780B58AB013468C4618
:1023A000864608900791069200208DF81700049346
:1023B000CDF80CC0CDF808E0FFE7089890F83C0095
:1023C000012804D1FFE702208DF827008FE008984C
:1023D000012180F83C10FFE7FFE706980C280190E8
:1023E00000F276800199DFE801F0077373732273BE
:1023F00073733D737373580008980068079902F06F
:10240000F3FA08980068816941F008018161089831
:102410000068816921F004018161079800690899C9
:102420000968D1F818E040EA0E00886154E0089885
:102430000068079902F042FB08980068816941F43E
:102440000061816108980068816921F4806181617F
:102450000798006908990968D1F818E04EEA002049
:10246000886139E008980068079902F095FB0898A0
:102470000068C16941F00801C16108980068C1693C
:1024800021F00401C1610798006908990968D1F831
:102490001CE040EA0E00C8611EE008980068079939
:1024A00002F0E8FB08980068C16941F40061C1616D
:1024B00008980068C16921F48061C16107980069CA
:1024C00008990968D1F81CE04EEA0020C86103E0D1
:1024D00001208DF81700FFE7FFE70898002180F83A
:1024E0003C10FFE79DF817008DF82700FFE79DF8E7
:1024F00027000AB080BD000080B584B0014602907C
:1025000002980028019104D1FFE701208DF80F0007
:1025100043E0029890F83D00002808D1FFE70298B8
:10252000002180F83C10029800F03CF8FFE7029888
:10253000022180F83D10029850F8041B00900846D4
:10254000009902F045F90298012180F84610FFE752
:102550000298012180F83E10029880F83F100298FE
:1025600080F84010029880F84110FFE7FFE70298DA
:10257000012180F84210029880F84310029880F8F8
:102580004410029880F84510FFE70298012180F876
:102590003D1000208DF80F00FFE79DF80F0004B0FC
:1025A00080BD000082B001460190009102B07047EA
:1025B00082B001460190009102B0704780B58CB0A6
:1025C0000A4603460A900991099800280792069343
:1025D00005D1FFE70A9890F83E0005901CE00998A5
:1025E000042805D1FFE70A9890F83F00049010E016
:1025F0000998082805D1FFE70A9890F84000039051
:1026000004E00A9890F841000390FFE703980490D3
:10261000FFE704980590FFE70598012804D0FFE73D
:1026200001208DF82F0090E00998002805D1FFE7E0
:102630000A98022180F83E101FE00998042806D16C
:10264000FFE70A98022180F83F10029112E00998F2
:10265000082806D1FFE70A98022180F8401001916E
:1026600005E00A98022180F841100191FFE70198E6
:102670000290FFE702980090FFE70A980068099926
:10268000012202F04BF90A9800680021CBF6FF7195
:102690000844B0FA80F04009002807D0FFE70A9804
:1026A0000068416C41F400414164FFE70A9800680A
:1026B0000021C4F2010188422AD0FFE70A9800688D
:1026C000B0F1804F24D0FFE70A98006840F2004143
:1026D000C4F2000188421BD0FFE70A98006840F668
:1026E0000001C4F20001884212D0FFE70A98006896
:1026F00040F60041C4F20001884209D0FFE70A9881
:10270000006844F20001C4F20101884212D1FFE7DF
:102710000A980068806800F007000890089806286A
:1027200007D0FFE70A980068016841F001010160E5
:10273000FFE706E00A980068016841F001010160C6
:10274000FFE700208DF82F00FFE79DF82F000CB069
:1027500080BD0000F0B5B5B00146349034980068F3
:1027600044F20042C4F201029042339103D1FFE7E8
:10277000FEF722F9FFE7349840F2F001C2F20001BF
:10278000884240F07284FFE740F27C00C2F2000011
:1027900001680131016065290FD3FFE740F60000B1
:1027A000C4F202004FF40051FEF7C6F840F27C007C
:1027B000C2F2000000210160FFE740F23C00C2F2DB
:1027C000000090ED000A01F023FF40F2DC0EC2F29F
:1027D000000ECEF8000040F23800C2F2000090ED8A
:1027E000000A01F0FFFE40F2D80EC2F2000ECEF851
:1027F000000040F26A00C2F20000007800283DD0DC
:10280000FFE7002001213290329A31911146319A2E
:1028100001F0A8FD329930900846319A01F042FE4D
:1028200032992F900846319A00F096FF32992E90F7
:102830000846319A01F00EF89FEDC50A8DED2D0A7C
:10284000DDED2D0A31992C90084601F081F840F217
:10285000F031C2F20001329A0A6040F20031C2F255
:1028600000010A6040F20431C2F200010A6040F245
:102870006A01C2F200010A702B90FFE740F2A83013
:10288000C2F20000B0F9040000EE100AB8EEC00A6F
:102890009FEDB01A80EE010A9FEDAF1A20EE010AFB
:1028A00040F2EC00C2F2000080ED000A40F2EC20A1
:1028B000C2F200000078C007002829D1FFE740F2EB
:1028C000EC00C2F2000090ED000AB5EE400AF1EE15
:1028D00010FA1DD0FFE740F2EC00C2F200000068E1
:1028E00040F2E821C2F200010860086840F2B43109
:1028F000C2F20001086040F2B030C2F200000021D4
:10290000016040F2EC20C2F2000001210170FFE7FB
:1029100040F2EC00C2F2000090ED000A40F2B43048
:10292000C2F2000090ED001A30EE410A40F2E800D9
:10293000C2F2000080ED000A90ED000A40F2B030D3
:10294000C2F20000D0ED000A00202A9001F000F849
:1029500000EE100AB8EEC00A40F2F030C2F20000F9
:1029600080ED000A90ED000ABDEEC00A10EE10EAFC
:1029700064212990704602F0B9FC00EE100AB8EE0E
:10298000C00A299880ED000A40F23811C2F2000115
:10299000D1F800E0DEF824E040F2A402C2F2000226
:1029A000A2F800E040F2801EC2F2000EDEF8003015
:1029B0005B6A40F2A60CC2F2000CACF8003040F2A8
:1029C000C813C2F200031C68646A40F2A805C2F290
:1029D00000052C8040F21024C2F200042668766ABA
:1029E00040F2AA07C2F200073E8009682A9E4E62A2
:1029F000DEF800104E6219684E6221684E6211883E
:102A0000494240F26202C2F200021180BCF800109A
:102A100040F26403C2F2000319802988494240F25F
:102A2000660CC2F2000CACF80010398840F2680E57
:102A3000C2F2000EAEF80010B2F9001040F2F0221F
:102A4000C2F20002146821441160B3F9001040F290
:102A5000F423C2F200031C6821441960BCF9001081
:102A600040F2F82CC2F2000CDCF800402144CCF813
:102A70000010BEF9001040F2FC2EC2F2000EDEF88B
:102A800000402144CEF800101968DEF800E07144DF
:102A900001EBD171491040F2003EC2F2000ECEF8B7
:102AA00000101168DCF800C0614401EBD1714910DD
:102AB00040F2043CC2F2000CCCF800101868CDF8CB
:102AC000A0E0279201F004FC40F2CC00C2F200002A
:102AD00080ED000A2798006801F0FAFB40F2D00070
:102AE000C2F2000080ED000A2898016840F2D80286
:102AF000C2F200021268881AFDF799FB13282DDC38
:102B0000FFE740F20430C2F20000006840F2D80152
:102B1000C2F200010968401AFDF789FB13281DDC89
:102B2000FFE70020269001F0ADFA269801F0E6FAC2
:102B3000269801F01FFB269801F052FB40F26A0034
:102B4000C2F200004FF0010E80F800E08CE200BFFE
:102B500000000000000000470000344340F2003055
:102B6000C2F20000016840F2D802C2F2000213680B
:102B70004FF0000C25900846194624926246CDF885
:102B80008CC001F0EFFB00EE100AB8EEC00A40F274
:102B9000B830C2F2000080ED000A25990A68249B33
:102BA000196822901046239A01F0DCFB00EE100A0F
:102BB000B8EEC00A40F2BC30C2F2000080ED000A5C
:102BC00040F20431C2F200010A68249BD3F800C02D
:102BD0002190104620916146239A01F063FC00EE9B
:102BE000100AB8EEC00A40F2C030C2F2000080ED18
:102BF000000A20990A68249B19681F901046239A9E
:102C000001F050FC00EE100AB8EEC00A40F2C430E9
:102C1000C2F2000080ED000A229991ED000ABDEE9B
:102C2000C00A10EE102A40F23C03C2F2000393EDFA
:102C3000000A1E901D921C9301F0EAFC1D991B9046
:102C400008461B9902F052FB00EE100AB8EEC00ACB
:102C5000229880ED000A219991ED000ABDEEC00A8C
:102C600010EE102A1C9B93ED000A1A9201F0D0FC82
:102C70001A9919900846199902F038FB00EE100ACB
:102C8000B8EEC00A219880ED000A1F9991ED000A64
:102C9000BDEEC00A10EE102A1C9B93ED000A18929C
:102CA00001F0B6FC189917900846179902F01EFB20
:102CB00000EE100AB8EEC00A1F9880ED000A1E99B7
:102CC00091ED000ABDEEC00A10EE102A1C9B93ED98
:102CD000000A169201F09CFC169915900846159969
:102CE00002F004FB00EE100AB8EEC00A1E9880ED58
:102CF000000A229991ED000ABDEEC00A10EE102ADA
:102D00009FEDDB0A8DED140A139201F081FC1399FB
:102D100012900846129902F0E9FA00EE100AB8EE95
:102D2000C00A229880ED000A219991ED000ABDEEBB
:102D3000C00A10EE102A9DED140A119201F068FCF1
:102D4000119910900846109902F0D0FA00EE100A7E
:102D5000B8EEC00A219880ED000A1F9991ED000A93
:102D6000BDEEC00A10EE102A9DED140A0F9201F07C
:102D70004FFC0F990E9008460E9902F0B7FA00EE3C
:102D8000100AB8EEC00A1F9880ED000A1E9991ED56
:102D9000000ABDEEC00A10EE102A9DED140A0D9235
:102DA00001F036FC0D990C9008460C9902F09EFA41
:102DB00000EE100AB8EEC00A1E9880ED000A40F23C
:102DC0006C01C2F2000191ED000A229AD2ED000AD4
:102DD000B0EE081A8DED0B1A0A9102F00DFB229845
:102DE00080ED000A40F27001C2F2000191ED000A8C
:102DF000D0ED000A9DED0B1A099102F0FDFA219821
:102E000080ED000A40F27401C2F2000191ED000A67
:102E10001F9AD2ED000A9DED0B1A089102F0ECFA10
:102E20001F9880ED000A40F27801C2F2000191ED96
:102E3000000AD0ED000A9DED0B1A079102F0DCFAB2
:102E40001E9880ED000A22990A680A9B1A60219A4E
:102E5000D2F800C0DDF824E0CEF800C0DDF87CC078
:102E6000DCF80040089D2C600468079E346040F246
:102E70006404C2F20004B4F9000091ED000ABDEE52
:102E8000C00A10EE104A2146239A00F065FC00EEBD
:102E9000100AB8EEC00A40F29830C2F2000080ED8D
:102EA000000A40F26801C2F20001B1F90010219A53
:102EB00092ED000ABDEEC00A10EE103A06900846E8
:102EC0001946239A00F048FC00EE100AB8EEC00A3A
:102ED00040F29C30C2F2000080ED000A40F2620134
:102EE000C2F20001B1F900101F9A92ED000ABDEE86
:102EF000C00A10EE103A059008461946239A00F0D1
:102F0000A9FC00EE100AB8EEC00A40F2A030C2F2EE
:102F1000000080ED000A40F26601C2F20001B1F942
:102F200000101E9A92ED000ABDEEC00A10EE103A93
:102F3000049008461946239A00F08CFC00EE100A13
:102F4000B8EEC00A40F2A430C2F2000080ED000AE0
:102F5000069991ED000ABDEEC00A10EE102A632317
:102F6000039010461946029302F0C0F900EE100AD1
:102F7000B8EEC00A069880ED000A059991ED000AA6
:102F8000BDEEC00A10EE102A1046029902F0AEF90A
:102F900000EE100AB8EEC00A059880ED000A049908
:102FA00091ED000ABDEEC00A10EE102A10460299FB
:102FB00002F09CF900EE100AB8EEC00A049880ED09
:102FC000000A039991ED000ABDEEC00A10EE102A26
:102FD0001046029902F08AF900EE100AB8EEC00A13
:102FE000039880ED000A049991ED000A40F2F03256
:102FF000C2F2000292ED001A30EE010ABDEEC00AE4
:1030000010EE103A1846019201F03CF8069890ED47
:10301000000A019991ED001A30EE410ABDEEC00A96
:1030200010EE102A104601F069F8039890ED000A9E
:10303000019991ED001A30EE010ABDEEC00A10EEC2
:10304000102A104601F096F8059890ED000A0199B3
:1030500091ED001A30EE410ABDEEC00A10EE102AC2
:10306000104601F0BDF8FFE7FFE735B0F0BD00BF47
:1030700000002D4382B001460190009102B07047DC
:1030800084B00A4603460390ADF80A1001920093FB
:1030900004B0704782B001460190009102B07047C1
:1030A00080B598B001461790179800680068169090
:1030B00017980068C06815901798006840691490C8
:1030C000002013901290169800F00F0013901398A0
:1030D0000028069112D1FFE79DF8580080060028CD
:1030E0000BD5FFE79DF854008006002805D5FFE7C3
:1030F000179801F0F5FE059011E2FFE713980028FC
:1031000000F0CD80FFE79DF85000C007002807D1F0
:10311000FFE7BDF8540010F4907F00F0C080FFE797
:103120009DF85800C00700280CD0FFE79DF8550017
:10313000C007002806D0FFE71798416C41F0010155
:103140004164FFE79DF85800400700280CD5FFE7D1
:103150009DF85000C007002806D0FFE71798416C83
:1031600041F002014164FFE79DF858008007002804
:103170000CD5FFE79DF85000C007002806D0FFE7F8
:103180001798416C41F004014164FFE79DF8580035
:103190000007002812D5FFE79DF85400800600289C
:1031A00006D4FFE79DF85000C007002806D0FFE7CF
:1031B0001798416C41F008014164FFE71798406C93
:1031C00000286BD0FFE79DF85800800600280BD53B
:1031D000FFE79DF854008006002805D5FFE7179803
:1031E00001F07EFE0490FFE7179800684069C0F385
:1031F000801012901798406C10F0080F04D1FFE770
:103200001298002840D0FFE7179801F0F5FD1798B5
:103210000068406910F0400F31D0FFE7FFE7FFE79B
:103220001798006850E8050F20F040001190FFE764
:1032300011981799096841E80502002AF0D1FFE7C3
:10324000FFE71798C06B002814D0FFE71798C06BF2
:1032500044F6D951C0F6000101651798C06BFDF71F
:1032600089F9002805D0FFE71798C06B016D8847E2
:10327000FFE703E01798FFF70DFFFFE703E017985C
:10328000FFF708FFFFE708E01798FFF703FF17981D
:103290004FF0000EC0F844E0FFE7FFE73FE117986A
:1032A000006B012840F01981FFE79DF85800C00627
:1032B000002840F11281FFE79DF85400C006002865
:1032C00040F10B81FFE7FFE700201090179800689E
:1032D000006810901798006840681090109803904C
:1032E000FFE717980068406910F0400F00F09B80DE
:1032F000FFE71798C06B00684068ADF83E00BDF866
:103300003E00002876D0FFE7BDF83E001799898D72
:1033100088426FDAFFE7BDF83E001799C885179815
:10332000C06BC069B0F5807F59D0FFE7FFE7FFE7CA
:103330001798006850E8030F20F480700E90FFE7A4
:103340000E981799096841E80302002AF0D1FFE7B7
:10335000FFE7FFE7FFE71798006850E8050F20F048
:1033600001000D90FFE70D981799096841E80502E3
:10337000002AF0D1FFE7FFE7FFE7FFE717980068B3
:1033800050E8050F20F040000C90FFE70C981799CB
:10339000096841E80502002AF0D1FFE7FFE7179826
:1033A000202180F84210179800210163FFE7FFE712
:1033B0001798006850E8030F20F010000B90FFE70B
:1033C0000B981799096841E80302002AF0D1FFE73A
:1033D000FFE71798C06BFDF74FF80290FFE71798CB
:1033E000022141631798818DC28D891A89B2FFF736
:1033F00047FE17E0BDF83E001799898D884210D12D
:10340000FFE71798C06BC069B0F5807F08D1FFE770
:103410001798022141631798818DFFF731FEFFE76E
:10342000FFE7FFE77BE01798818DC08D081AADF8A4
:103430002A001798C08D00284ED0FFE7BDF82A005B
:10344000002849D0FFE7FFE7FFE71798006850E83A
:10345000030F20F490700990FFE709981799096805
:1034600041E80302002AF0D1FFE7FFE7FFE7FFE7AB
:103470001798006850E8050F20F001000890FFE75A
:1034800008981799096841E80502002AF0D1FFE77A
:10349000FFE71798202180F8421017980021016358
:1034A000FFE7FFE71798006850E8030F20F01000CF
:1034B0000790FFE707981799096841E80302002A77
:1034C000F0D1FFE7FFE71798022141631798BDF895
:1034D0002A10FFF7D5FDFFE721E09DF85800000610
:1034E00000280BD5FFE79DF854000006002805D5FD
:1034F000FFE7179801F0A0FE019010E09DF858003A
:10350000400600280BD5FFE79DF854004006002830
:1035100005D5FFE7179801F0BBFC0090FFE718B056
:1035200080BD000080B584B001460290029800285A
:10353000019104D1FFE701208DF80F0043E00298CC
:103540008069002801D0FFE700E0FFE7029890F8CB
:103550004100002808D1FFE70298002180F84010C0
:10356000029800F035F8FFE70298242180F8411016
:1035700002980068C16821F40051C160029801F00E
:103580006BFD02980068016921F490410161029885
:103590000068416921F02A01416102980068C16810
:1035A00041F40051C16002980021416402984FF03B
:1035B000200E80F841E0029880F842E002984163D2
:1035C0008DF80F10FFE79DF80F0004B080BD0000DC
:1035D00080B58EB001460D9000200C900B900A90A3
:1035E000099008900D98006841F20002C4F20102AF
:1035F0009042059142D1FFE7FFE70020079043F694
:103600004400C4F20200016841F01001016000684A
:1036100000F01000079007980490FFE7FFE70020F4
:10362000069043F63000C4F20200016841F0010147
:103630000160006800F00100069006980390FFE723
:103640004FF4C06008900220099000200A900321E6
:103650000B9107210C910021C4F2020108AA0290EB
:1036600008461146FCF7AAFF252001210190029A85
:10367000FDF73EFA0198FDF72FFAFFE70EB080BD87
:1036800080B588B013468C46864606900591ADF805
:103690001220069890F8420020280393CDF808C025
:1036A000CDF804E019D1FFE70598002805D0FFE721
:1036B000BDF81200002804D1FFE701208DF81F009B
:1036C0000FE006980021016306980599BDF81220C5
:1036D00001F076FD8DF81F0003E002208DF81F0039
:1036E000FFE79DF81F0008B080BD000080B588B0DE
:1036F000014607900798006841F20002C4F20102F7
:10370000904206911DD1FFE740F2A020C2F20000D6
:1037100040F2D401C2F2000101220590049103920B
:10372000FFF7AEFF04990A780290104601F054FFAB
:103730000599019008460499039AFFF7A1FF0090AC
:10374000FFE708B080BD000082B001460190009103
:1037500002B07047FFE7FEE780B587B013468C469E
:103760008646059004910392039801280293CDF8B0
:1037700004C0CDF800E017D1FFE740F28000C2F2AC
:1037800000000021016040F24800C2F20000016028
:1037900040F29800C2F20000016040F2C400C2F2A0
:1037A00000000160069151E004980599401A00EE6E
:1037B000100AB8EEC00A40F24800C2F2000080EDE4
:1037C000000A40F21001C2F2000191ED000A90EDF2
:1037D000001A40F29801C2F2000191ED002A31EE88
:1037E000423A40F20802C2F2000292ED004A24EE90
:1037F000014A00EE034A40F20002C2F2000292EDDA
:10380000000AB8EE003A02EE031A40F2C402C2F215
:10381000000292ED002A31EE021A00EE014A40F257
:103820008003C2F2000393ED000A30EE040A83ED38
:10383000000AD1F800C0C2F800C00068086093ED2B
:10384000000ABDEEC00A8DED060AFFE7069807B034
:1038500080BD000080B587B013468C468646059033
:1038600004910392039801280293CDF804C0CDF887
:1038700000E017D1FFE740F28400C2F2000000210F
:10388000016040F24C00C2F20000016040F29C0076
:10389000C2F20000016040F2C800C2F20000016004
:1038A000069151E004980599401A00EE100AB8EE0E
:1038B000C00A40F24C00C2F2000080ED000A40F263
:1038C0001401C2F2000191ED000A90ED001A40F2DD
:1038D0009C01C2F2000191ED002A31EE423A40F221
:1038E0000C02C2F2000292ED004A24EE014A00EE00
:1038F000034A40F20402C2F2000292ED000AB8EE5E
:10390000003A02EE031A40F2C802C2F2000292ED3F
:10391000002A31EE021A00EE014A40F28403C2F29C
:10392000000393ED000A30EE040A83ED000AD1F89B
:1039300000C0C2F800C00068086093ED000ABDEE48
:10394000C00A8DED060AFFE7069807B080BD0000AB
:1039500087B00146B0EE601AB0EE402A8DED050A40
:10396000CDED040A03900398012802918DED011A10
:103970008DED002A17D1FFE740F25000C2F200009F
:103980000021016040F2A000C2F20000016040F29C
:103990009400C2F20000016040F29000C2F2000008
:1039A000016006917CE09DED040A9DED051A30EE64
:1039B000410A40F25000C2F2000080ED000A90ED92
:1039C000000A40F29000C2F2000090ED001AB8EE3A
:1039D000C11A31EE000ABDEEC00A80ED000A00688F
:1039E00040F2DD51884208DBFFE740F29000C2F26E
:1039F000000040F2DC510160FFE740F29000C2F2AB
:103A0000000000684FF62321CFF6FF7188420ADCE0
:103A1000FFE740F29000C2F200004FF62421CFF6FB
:103A2000FF710160FFE740F23400C2F2000090ED48
:103A3000000A40F25000C2F2000090ED001A40F27D
:103A4000E401C2F2000191ED002A40F29001C2F2BD
:103A5000000191ED003AB8EEC33A22EE032A00EEDF
:103A6000012A40F2E001C2F2000191ED000A40F2A9
:103A7000A001C2F2000191ED003A31EE431A00EECE
:103A8000012A40F29402C2F2000282ED002A00688C
:103A9000086092ED000ABDEEC00A8DED060AFFE750
:103AA000069807B07047000080B596B000201590CA
:103AB0001490139012901190FFE70020109043F69D
:103AC0003000C4F20200016841F0040101600068A6
:103AD00000F00400109010980C90FFE7FFE7002022
:103AE0000F9043F63000C4F20200016841F08001FB
:103AF0000160006800F080000F900F980B90FFE7C6
:103B0000FFE700200E9043F63000C4F20200016887
:103B100041F001010160006800F001000E900E9874
:103B20000A90FFE7FFE700200D9043F63000C4F253
:103B30000200016841F002010160006800F002002B
:103B40000D900D980990FFE740F60000C4F20200C6
:103B50004FF400510022089007910692FCF704FFF1
:103B60000020C4F20200F02105900491069AFCF7AF
:103B7000FBFE40F20040C4F202004FF4704103909B
:103B80000291069AFCF7F0FE07981190012112911C
:103B9000069A139214920DF1440E08980191714601
:103BA000CDF800E0FCF70AFD0498119001991291FC
:103BB000069A1392149205980099FCF7FFFC02985C
:103BC000119001991291069A1392149203980099F8
:103BD000FCF7F4FC16B080BD80B596B000201590BF
:103BE000149013901290119010900F900E900D90D1
:103BF0000C900B900A900990089007900690059001
:103C0000049003900290019040F2F001C2F2000192
:103C10000022C4F201020A6042F2CF024A608860C8
:103C20006322CA6008614861802088610846FDF708
:103C3000E3FD002803D0FFE7FCF71AFCFFE74FF491
:103C40008050129040F2F000C2F2000012A9FDF77D
:103C5000DDFE002803D0FFE7FCF70AFCFFE740F297
:103C6000F000C2F20000FEF747FC002803D0FFE797
:103C7000FCF7FEFBFFE700201090119040F2F000EF
:103C8000C2F2000010A9FDF733FD002803D0FFE7C2
:103C9000FCF7EEFBFFE76020099000200A900B90F4
:103CA0000C900D900E900F9040F2F001C2F20001C6
:103CB00009AA009008461146009AFEF76DFB0028FD
:103CC00003D0FFE7FCF7D4FBFFE740F2F000C2F2BD
:103CD000000009A90C22FEF75FFB002803D0FFE7D4
:103CE000FCF7C6FBFFE700200190029003900490D0
:103CF00005904FF400510691089040F2F000C2F296
:103D0000000001A9FDF796FC002803D0FFE7FCF7AF
:103D1000AFFBFFE740F2F000C2F20000FEF7D2FA7C
:103D200016B080BD80B58CB003A824210090FCF7AC
:103D300089FA00200290019040F23811C2F200018D
:103D40004FF0804EC1F800E0486088604FF0FF3EC1
:103D5000C1F80CE0086188614FF0030ECDF80CE06B
:103D600004904FF0010ECDF814E0069007900890F3
:103D7000CDF824E00A900B9008460099FDF71CFF4F
:103D8000002803D0FFE7FCF773FBFFE7002001905A
:103D9000029040F23810C2F2000001A9FDF7A8FC21
:103DA000002803D0FFE7FCF763FBFFE70CB080BD02
:103DB00080B58CB003A824210090FCF743FA0020C2
:103DC0000290019040F28011C2F2000140F2004ED8
:103DD000C4F2000EC1F800E0486088604FF6FF7E34
:103DE000C1F80CE0086188614FF0030ECDF80CE0DB
:103DF00004904FF0010ECDF814E006900790089063
:103E0000CDF824E00A900B9008460099FDF7D4FE07
:103E1000002803D0FFE7FCF72BFBFFE70020019011
:103E2000029040F28010C2F2000001A9FDF760FC90
:103E3000002803D0FFE7FCF71BFBFFE70CB080BDB9
:103E400080B58CB003A824210090FCF7FBF900207A
:103E50000290019040F2C811C2F2000140F6000E3B
:103E6000C4F2000EC1F800E0486088604FF6FF7EA3
:103E7000C1F80CE0086188614FF0030ECDF80CE04A
:103E800004904FF0010ECDF814E0069007900890D2
:103E9000CDF824E00A900B9008460099FDF78CFEBF
:103EA000002803D0FFE7FCF7E3FAFFE700200190CA
:103EB000029040F2C810C2F2000001A9FDF718FC00
:103EC000002803D0FFE7FCF7D3FAFFE70CB080BD72
:103ED00080B58CB003A824210090FCF7B3F9002032
:103EE0000290019040F21021C2F2000140F6004E13
:103EF000C4F2000EC1F800E0486088604FF0FF3E59
:103F0000C1F80CE0086188614FF0030ECDF80CE0B9
:103F100004904FF0010ECDF814E006900790089041
:103F2000CDF824E00A900B9008460099FDF744FE76
:103F3000002803D0FFE7FCF79BFAFFE70020019081
:103F4000029040F21020C2F2000001A9FDF7D0FB60
:103F5000002803D0FFE7FCF78BFAFFE70CB080BD29
:103F600080B58CB000200B900A90099008900790C3
:103F700006900590049003900290019040F2582121
:103F8000C2F2000144F20002C4F201020A6042F2ED
:103F9000CF024A6088606322CA600861802088611D
:103FA0000846FDF729FC002803D0FFE7FCF760FA7C
:103FB000FFE74FF48050089040F25820C2F2000012
:103FC00008A9FDF723FD002803D0FFE7FCF750FA0E
:103FD000FFE740F25820C2F20000FEF78DFA0028F9
:103FE00003D0FFE7FCF744FAFFE7602001900020D0
:103FF00002900390059040F25821C2F2000101AAFC
:10400000009008461146009AFEF7C6F9002803D032
:10401000FFE7FCF72DFAFFE740F25820C2F200005C
:1040200001A90422FEF7B8F9002803D0FFE7FCF746
:104030001FFAFFE740F25820C2F20000FEF742F9F3
:104040000CB080BD80B540F2A020C2F2000041F269
:104050000001C4F2010101604FF4E131416000212F
:104060008160C16001610C2242618161C161FFF721
:1040700059FA002803D0FFE7FCF7FAF9FFE780BD03
:10408000FFE7FEE780B584B001460390039800285F
:10409000029118DBFFE740F20040C4F202004FF447
:1040A000804101220190FCF75FFC4FF400410022A7
:1040B0000198FCF759FC039840F2F001C2F20001AC
:1040C0000968486318E040F20040C4F202004FF46F
:1040D000804100220090FCF747FC4FF40041012290
:1040E0000098FCF741FC0398404240F2F001C2F214
:1040F000000109684863FFE704B080BD80B584B063
:104100000146039003980028029118DBFFE740F274
:104110000040C4F202004FF4005101220190FCF76C
:1041200023FC4FF4805100220198FCF71DFC0398FA
:1041300040F2F001C2F200010968086418E040F2A0
:104140000040C4F202004FF4805100220090FCF7BE
:104150000BFC4FF4005101220098FCF705FC03987A
:10416000404240F2F001C2F2000109680864FFE732
:1041700004B080BD80B584B0014603900398002848
:10418000029115DBFFE70020C4F20200102101229A
:104190000190FCF7E9FB202100220198FCF7E4FBE9
:1041A000039840F25821C2F200010968486315E003
:1041B0000020C4F20200202100220090FCF7D4FB72
:1041C000102101220098FCF7CFFB0398404240F2F7
:1041D0005821C2F2000109684863FFE704B080BDBE
:1041E00080B584B00146039003980028029115DB46
:1041F000FFE70020C4F20200402101220190FCF7F9
:10420000B3FB802100220198FCF7AEFB039840F23B
:104210005821C2F200010968886315E00020C4F249
:104220000200402100220090FCF79EFB8021012229
:104230000098FCF799FB0398404240F25821C2F2E3
:10424000000109688863FFE704B080BDFFE7FEE76F
:1042500080B58BB013468C4686460A900991089229
:104260000A9800F0070007900798C0F1070005289A
:104270000493CDF80CC0CDF808E003D3FFE7042089
:10428000019004E00798C0F107000190FFE7019852
:10429000069007980430062803D8FFE70020009016
:1042A00003E0079803380090FFE70098059009980D
:1042B0000699012202FA01F1013908400599884066
:1042C000089B02FA01F10139194008430BB080BD87
:1042D00083B001460290029848F2A902CAF60A0287
:1042E00052FB0000C21202EBD07000EE100AB8EED2
:1042F000C00A8DED010A9DED010A009103B07047DF
:10430000EFF30980BFF36F8F154B1A681EF0100F83
:1043100008BF20ED108A20E9F04F10602DE9090058
:104320004FF0500080F31188BFF34F8FBFF36F8FB2
:1043300001F098F94FF0000080F31188BDE8090002
:1043400019680868B0E8F04F1EF0100F08BFB0EC15
:10435000108A80F30988BFF36F8F704700BF00BFDA
:104360000803002080B587B013468C46864605902A
:1043700004910392039801280293CDF804C0CDF86C
:1043800000E017D1FFE740F2AC00C2F200000021CC
:10439000016040F2B000C2F20000016040F2B400DF
:1043A000C2F20000016040F28800C2F20000016029
:1043B000069173E004980599401A40F2AC01C2F2EC
:1043C00000010860086840F28801C2F200010A6832
:1043D00010440860086841F28931884208DBFFE731
:1043E00040F28800C2F2000041F288310160FFE72C
:1043F00040F28800C2F2000000684EF67741CFF626
:10440000FF7188420ADCFFE740F28800C2F2000038
:104410004EF67841CFF6FF710160FFE740F22800C9
:10442000C2F2000090ED000A40F2AC00C2F20000BF
:10443000016801EE101AB8EEC11A40F22002C2F271
:10444000000292ED002A40F28802C2F2000292EDD0
:10445000003AB8EEC33A22EE032A00EE012A40F2F7
:104460001802C2F2000292ED000A40F2B002C2F25B
:1044700000021368C91A01EE101AB8EEC11A00EE54
:10448000012ABDEEC20A40F2B401C2F2000181ED80
:10449000000A0068106008680690FFE7069807B0F9
:1044A00080BD000080B587B013468C4686460590D7
:1044B00004910392039801280293CDF804C0CDF82B
:1044C00000E017D1FFE740F2B800C2F2000000217F
:1044D000016040F2BC00C2F20000016040F2C00086
:1044E000C2F20000016040F28C00C2F200000160E4
:1044F000069173E004980599401A40F2B801C2F29F
:1045000000010860086840F28C01C2F200010A68EC
:1045100010440860086841F28931884208DBFFE7EF
:1045200040F28C00C2F2000041F288310160FFE7E6
:1045300040F28C00C2F2000000684EF67741CFF6E0
:10454000FF7188420ADCFFE740F28C00C2F20000F3
:104550004EF67841CFF6FF710160FFE740F22C0084
:10456000C2F2000090ED000A40F2B800C2F2000072
:10457000016801EE101AB8EEC11A40F22402C2F22C
:10458000000292ED002A40F28C02C2F2000292ED8B
:10459000003AB8EEC33A22EE032A00EE012A40F2B6
:1045A0001C02C2F2000292ED000A40F2BC02C2F20A
:1045B00000021368C91A01EE101AB8EEC11A00EE13
:1045C000012ABDEEC20A40F2C001C2F2000181ED33
:1045D000000A0068106008680690FFE7069807B0B8
:1045E00080BD000083B0B0EE401A8DED020A9DED53
:1045F000020A9FED062A20EE020ABDEEC00A8DEDEA
:10460000010A01988DED001A03B070470000434580
:1046100083B0B0EE401A8DED020A9DED020A9FEDC7
:10462000082A20EE020A9FED072A80EE020ABDEE5C
:10463000C00A8DED010A01988DED001A03B0704794
:10464000000043450080BB45000000000000000062
:10465000074B19680868B0E8F04F80F30988BFF38A
:104660006F8F4FF0000080F31188704700BF00BFCC
:104670000803002080B584B00146029002980138FA
:10468000B0F1807F019103D3FFE7012003901BE08D
:10469000029801384EF21401CEF2000108604FF08A
:1046A000FF300F2100F062FE4EF21800CEF2000043
:1046B000002101604EF21000CEF200004FF0070E14
:1046C000C0F800E00391FFE7039804B080BD00004C
:1046D00080B5FCF771F901F059F8012803D0FFE724
:1046E000FFF7F6FFFFE780BD80B596B00AA830213E
:1046F000FBF7A8FD00200990089007900690059010
:10470000FFE70020049043F64000C4F20200016875
:1047100041F080510160006800F0805004900498DE
:104720000290FFE7FFE70020039047F20000C4F289
:1047300000000168022262F38F310160006800F41A
:104740004040039003980190FFE702200A90012166
:104750000D9110210E9110900021119108211291BC
:10476000542113911490042015900AA8FCF7CCFB57
:10477000002803D0FFE7FBF77BFEFFE70F20059043
:1047800002200690002107914FF48052089209916F
:1047900005A9009008460099FCF7D8F9002803D035
:1047A000FFE7FBF765FEFFE716B080BD4EF68850C9
:1047B000CEF20000016841F4700101607047000012
:1047C00080B540F2F000C2F20000FDF777FC80BD3A
:1047D00085B00A460346049003910498006802904D
:1047E00004980021C4F201018842019200931DD077
:1047F000FFE70498B0F1804F18D0FFE7049840F22B
:104800000041C4F20001884210D0FFE7049840F64E
:104810000001C4F20001884208D0FFE7049840F686
:104820000041C4F2000188420AD1FFE7029820F05B
:104830007000029003984068029908430290FFE7D5
:1048400004980021C4F20101884235D0FFE70498A2
:10485000B0F1804F30D0FFE7049840F20041C4F23D
:104860000001884228D0FFE7049840F60001C4F216
:104870000001884220D0FFE7049840F60041C4F2CE
:104880000001884218D0FFE7049844F20001C4F206
:104890000101884210D0FFE7049844F20041C4F2BD
:1048A0000101884208D0FFE7049844F60001C4F2F1
:1048B000010188420AD1FFE7029820F4407002907B
:1048C0000398C068029908430290FFE7029820F01D
:1048D000800003994969084302900398806804990D
:1048E000C862039800680499886204980021C4F2A1
:1048F0000101884205D1FFE7039800690499086324
:10490000FFE70498016841F0040101600498012167
:10491000416102980499086005B0704780B587B07E
:1049200013468C468646069005910492059800F041
:104930001F00012101FA00F00390039806990A6A0A
:1049400022EA000008620498059901F01F018840DE
:1049500006990A6A104308620293CDF804C0CDF8A4
:1049600000E007B080BD0000B0B589B09C46964617
:104970000C460546089007910692059308988068B2
:104980000490049820F47F40049007980699059AB3
:1049900041EA0221084304990843049004980899C5
:1049A0008860CDF80CC0CDF808E00194009509B0FE
:1049B000B0BD000085B00A460346049003910498F8
:1049C00080680290029820F070000290039802998B
:1049D000084340F007000290029804998860019211
:1049E000009305B07047000087B00A460346069062
:1049F00005910698006A03900698016A21F001016A
:104A000001620698406802900698806904900498B4
:104A100020F070000490049820F0030004900598A2
:104A20000068049908430490039820F00200039062
:104A30000598806803990843039006980021C4F202
:104A400001018842019200930ED1FFE7039820F004
:104A5000080003900598C0680399084303900398E1
:104A600020F004000390FFE706980021C4F2010142
:104A7000884213D1FFE7029820F4807002900298D8
:104A800020F4007002900598406902990843029052
:104A900005988069029908430290FFE702980699F9
:104AA00048600498069988610598406806994863AB
:104AB00003980699086207B07047000087B00A465D
:104AC0000346069005910698006A03900698016ACD
:104AD00021F01001016206984068029006988069F2
:104AE0000490049820F4E0400490049820F440706E
:104AF000049005980068049941EA00200490039806
:104B000020F02000039005988068039941EA001086
:104B1000039006980021C4F201018842019200939B
:104B20000FD1FFE7039820F0800003900598C0683C
:104B3000039941EA00100390039820F0400003908D
:104B4000FFE706980021C4F20101884215D1FFE772
:104B5000029820F480600290029820F40060029095
:104B600005984069029941EA8000029005988069A1
:104B7000029941EA80000290FFE702980699486096
:104B80000498069988610598406806998863039897
:104B90000699086207B0704787B00A460346069038
:104BA00005910698006A03900698016A21F48071C5
:104BB00001620698406802900698C06904900498C3
:104BC00020F070000490049820F0030004900598F1
:104BD0000068049908430490039820F4007003903F
:104BE00005988068039941EA002003900698002107
:104BF000C4F201018842019200930FD1FFE70398AC
:104C000020F4006003900598C068039941EA0020F1
:104C10000390039820F480600390FFE7069800213A
:104C2000C4F20101884215D1FFE7029820F48050B8
:104C30000290029820F40050029005984069029971
:104C400041EA0010029005988069029941EA00103B
:104C50000290FFE702980699486004980699C86197
:104C6000059840680699C86303980699086207B0DA
:104C70007047000087B00A460346069005910698E3
:104C8000006A03900698016A21F480510162069837
:104C9000406802900698C0690490049820F4E040AF
:104CA0000490049820F440700490059800680499DA
:104CB00041EA00200490039820F4005003900598E6
:104CC0008068039941EA0030039006980021C4F2FD
:104CD00001018842019200930BD1FFE7029820F472
:104CE0008040029005984069029941EA8010029044
:104CF000FFE702980699486004980699C8610598EC
:104D000040680699086403980699086207B07047DE
:104D100080B588B013468C4686460790069105926A
:104D20000798006A03900798016A21F00101016267
:104D3000079880690490049820F0F000049005988A
:104D4000049941EA00100490039820F00A000390AF
:104D5000069803990843039004980799886103987B
:104D6000079908620293CDF804C0CDF800E008B0BE
:104D700080BD000080B588B013468C4686460790FB
:104D8000069105920798006A03900798016A21F03E
:104D900010010162079880690490049820F4704023
:104DA00004900598049941EA00300490039820F09B
:104DB000A00003900698039941EA0010039004981C
:104DC000079988610398079908620293CDF804C097
:104DD000CDF800E008B080BD80B584B001460390F6
:104DE0000398806B029002980022C285029801917C
:104DF000FEF750F904B080BD85B0014604900091E3
:104E0000FFE7FFE70498006850E8030F20F4907074
:104E10000390FFE703980499096841E80302002A18
:104E2000F0D1FFE7FFE7FFE7FFE70498006850E8ED
:104E3000050F20F001000290FFE70298049909682D
:104E400041E80502002AF0D1FFE7FFE70498006B74
:104E5000012814D1FFE7FFE7FFE70498006850E856
:104E6000030F20F010000190FFE7019804990968F2
:104E700041E80302002AF0D1FFE7FFE7FFE70498CB
:104E8000202180F8421004980021016305B070478A
:104E900080B582B00146019001980068C26822F096
:104EA0004002C2600198202280F8412001980091C0
:104EB000FEF74AFC002002B080BD000080B582B041
:104EC000FFE70DF1070000F05BFB002805D1FFE7CD
:104ED0009DF80700FBF7F4F9F3E702B080BD00008E
:104EE00080B588B001460690002005900490069891
:104EF00090F842002228019140F0A580FFE7069833
:104F00008068B0F5805F14D1FFE70698006900283B
:104F10000FD1FFE70698806A049006980068406801
:104F20006FF35F20049908800698816A02318162DC
:104F300025E00698806A059006988068B0F5805F45
:104F40000AD0FFE70698806800280BD1FFE7069893
:104F50000069002806D1FFE70698006840680599B7
:104F6000087007E006980068406800F07F00059927
:104F70000870FFE70698816A01318162FFE70698B1
:104F8000C18D0139C1854FF6FF70014257D1FFE74E
:104F900006980068C16821F02001C1600698006889
:104FA000C16821F48071C16006980068416921F0F0
:104FB000010141610698202180F8421006980021E5
:104FC00041630698006B012831D1FFE70698002164
:104FD0000163FFE7FFE70698006850E8030F20F041
:104FE00010000390FFE703980699096841E803025F
:104FF000002AF0D1FFE7FFE706980068006810F08C
:10500000100F0FD0FFE7FFE700200290069800681E
:10501000006802900698006840680290029800902C
:10502000FFE7FFE70698818DFEF72AF803E0069870
:10503000FEF75CFBFFE700208DF81F0007E0002073
:105040008DF81F0003E002208DF81F00FFE79DF898
:105050001F0008B080BD000080B58CB001460B90E9
:105060000B980068006920F440500B9A1368D268CE
:10507000104318610B9882680369D0F814C0C069A6
:105080001A4342EA0C0210430A900B980068C06869
:1050900049F20C6290430A9A10430B9A1268D0604E
:1050A0000B980068406920F440700B9A136892696D
:1050B000104358610B98006841F20002C4F20102EB
:1050C0009042089109D0FFE70B98006841F2004137
:1050D000C4F20101884204D1FFE7FBF78DFE09907D
:1050E00003E0FBF775FE0990FFE70B98C069B0F588
:1050F000004F31D1FFE709981921A0FB01010B9A5C
:10510000136852684FEA420CD20F07926246DDF8EC
:105110001CC006936346FBF759F848F21F51C5F2CD
:10512000EB11A0FB01235B094FF0640C03FB1C0097
:105130004FF0320C0CEBC000A0FB01014FF4F87CE7
:105140000CEA111C0CEB0313C1F342111943069B2B
:1051500099600590049230E009981921A0FB0101A3
:105160000B9A136852684FEA820C920F03926246C0
:10517000DDF80CC002936346FBF728F848F21F5194
:10518000C5F2EB11A0FB01235B094FF0640C03FB9C
:105190001C004FF0320C0CEB0010A0FB01014FF093
:1051A000F00C0CEA511C0CEB0313C1F3431119432F
:1051B000029B996001900092FFE70CB080BD000057
:1051C00080B586B013468C46864605900491ADF8AE
:1051D0000E20049805998862BDF80E00059988850F
:1051E000BDF80E000599C885059800214164059811
:1051F000222180F842100598006900280293CDF81A
:1052000004C0CDF800E007D0FFE705980068C1684A
:1052100041F48071C160FFE705980068416941F081
:105220000101416105980068C16841F02001C16039
:10523000002006B080BD000084B0014602900298B4
:1052400090F84100212800913DD1FFE70298806845
:10525000B0F5805F14D1FFE70298006900280FD1F4
:10526000FFE70298006A0190019800886FF35F20C1
:105270000299096848600298016A0231016208E0F7
:105280000298016A4A1C026208780299096848601B
:10529000FFE70298C18C0139C1844FF6FF700142CB
:1052A0000DD1FFE702980068C16821F08001C1605C
:1052B00002980068C16841F04001C160FFE700202A
:1052C0008DF80F0003E002208DF80F00FFE79DF836
:1052D0000F0004B07047000080B540F2A020C2F279
:1052E0000000FDF7DDFE80BDFFE7FEE784B00A4663
:1052F0000346039002910398029949428842019221
:10530000009304DAFFE7029840420390FFE7039816
:105310000299884203DDFFE702980390FFE70398B4
:1053200004B0704782B001468DF807009DF9070070
:10533000002800910FDBFFE79DF9070000F01F0137
:10534000012202FA01F140094EF20012CEF20002EF
:1053500042F82010FFE702B0704700004EF60C50F4
:10536000CEF200000068C0F30220704784B00A4605
:1053700003468DF80F0002919DF90F00002801925D
:1053800000930ADBFFE7029800019DF90F104EF22F
:105390000042CEF2000288540BE0029800019DF812
:1053A0000F1001F00F014EF61452CEF20002885495
:1053B000FFE704B07047000084B0014603900398F3
:1053C00000F0070001904EF60C50CEF2000002688B
:1053D0000292029A4FF6FF031A400292029A019B30
:1053E00042EA03220023C0F2FA531A430292029ABD
:1053F0000260009104B0704787B0B0EE412AB0EE71
:10540000603AB0EE404A8DED060ACDED050A8DED0D
:10541000041A9DED050A9DED061A30EE410A8DED48
:10542000030A9DED030A9DED041AB4EEC10AF1EEE4
:1054300010FA8DED022A8DED013A8DED004A03DD63
:10544000FFE70498039013E09DED030A9DED041A15
:10545000B1EE411AB4EEC10AF1EE10FA07DAFFE735
:105460009DED040AB1EE400A8DED030AFFE7FFE768
:105470009DED060A9DED031A30EE010A07B0704754
:1054800080B592B0002011901090FBF7A3FA0F9016
:10549000FFF72AF9FEF708FBFEF79EFBFEF742FC3A
:1054A000FEF786FCFEF7CCFCFEF712FDFEF758FD7A
:1054B000FEF7C8FD40F2A020C2F20000D0F800E0E4
:1054C000DEF80C1041F02001CEF80C1040F2D401AF
:1054D000C2F200010122FEF7D3F840F23811C2F205
:1054E00000013C220E90084611460D92FCF732FD59
:1054F00040F28011C2F200010C9008460D99FCF7B1
:1055000029FD40F2C811C2F200010B9008460D9926
:10551000FCF720FD40F21021C2F200010A9008467B
:105520000D99FCF717FD40F2F001C2F2000109905D
:105530000846109A08911146FDF740F80C21089A88
:1055400007901046FDF73AF840F25821C2F20001E8
:1055500006900846109A05911146FDF72FF8042190
:10556000059A04901046FDF729F80899039008461B
:10557000FCF7E0F90290FFE7FFF7A0FC0190FBE7E2
:1055800083B00146019040F2D930C2F200000078A9
:1055900040F2D832C2F2000212789042009104D157
:1055A000FFE74FF0FF30029013E040F2D930C2F233
:1055B0000000017840F2C832C2F20002515C019A48
:1055C00011700178013101F00F010170002002908B
:1055D000FFE7029803B0704783B001468DF80700DB
:1055E00040F2D830C2F200000078013000F00F0025
:1055F0008DF806009DF8060040F2D932C2F2000292
:1056000012789042009104D1FFE74FF0FF300290F2
:1056100011E09DF8070040F2D831C2F200010A788B
:1056200040F2C833C2F2000398549DF80600087097
:1056300000200290FFE7029803B0704784B00A464A
:1056400003460390029101920093FFE7FEE70000FA
:1056500084B00A4603460390029101920093FFE74B
:10566000FEE7000080B588B040F2E030C2F20000F2
:105670000068002807D0FFE740F2EC30C2F20000DB
:10568000012101607FE040F2EC30C2F20000002115
:10569000016040F20830C2F200000068006B059023
:1056A0004FF0A530049005980068B0F1A53F12D1E5
:1056B000FFE705984068B0F1A53F0CD1FFE70598DA
:1056C0008068B0F1A53F06D1FFE70598C068B0F14A
:1056D000A53F0DD0FFE740F20830C2F2000001689C
:1056E00000683430019008460199FFF7A7FFFFE7F3
:1056F00040F2E430C2F20000006807900798B0FA68
:1057000080F08DF81B009DF81B00C0F11F00039076
:10571000039800EB800040F20C31C2F2000151F816
:105720002000002818BF012000280AD1FFE745F219
:10573000FE70C0F6000040F6F631FFF789FF0090DA
:10574000FFE7039800EB800040F20C31C2F2000149
:1057500001EB80000290029841684968416002981C
:1057600041680830814205D1FFE7029841684968E5
:105770004160FFE702984068C06840F20831C2F219
:1057800000010860FFE708B080BD000081B040F272
:10579000E830C2F200000068002803D1FFE70120D2
:1057A00000900EE040F2E030C2F2000000680028F5
:1057B00003D1FFE70220009002E000200090FFE705
:1057C000FFE7009801B0704702E008C8121F08C147
:1057D000002AFAD170477047002001E001C1121F72
:1057E000002AFBD170470000000000000000010209
:1057F00003040607080900000000010203042E2E1E
:105800002F4652454552544F532F736F757263653F
:105810002F7461736B732E63000000004058000802
:105820000000002048000000C85700088858000801
:1058300048000020B0070000D85700080000000012
:10584000CDCCCC3DCDCCCC3DCDCC8C3ECDCC8C3E4E
:105850003333D33F3333D33FC520803FC520803F10
:10586000F7CC923AF7CC923AB81E053EB81E053EE8
:105870000024F400000000410000C040ABAA6642D2
:0858800001000000100000000F
=======
:1002B000FFF774FFC4570008E4570008FFE7FEE7A4
:1002C00083B001468DF80B0040F26000C2F20000DE
:1002D00000680028009106D1FFE79DF80B00552823
:1002E00001D0FFE76DE09DF80B0040F26001C2F223
:1002F00000010A68531C0B6040F25403C2F2000371
:10030000985408680A2801DCFFE75AE000208DF8BD
:100310000A000190FFE70198092810DCFFE7019827
:1003200040F25401C2F20001085C9DF80A10084432
:100330008DF80A00FFE7019801300190EBE79DF886
:100340000A0040F25401C2F20001897A884231D198
:10035000FFE740F25400C2F200004078532829D150
:10036000FFE740F2AC30C2F20000017801310170C9
:1003700040F25401C2F200018A78CB7842EA0322AB
:1003800040F2A433C2F200031A800A7991F805C042
:1003900042EA0C225A808A7991F807C042EA0C227C
:1003A0009A800A7A497A42EA0121D980017801319A
:1003B0000170FFE740F26000C2F20000002101601E
:1003C000FFE703B0704700007047000072B6FFE718
:1003D000FEE7000080B586B0014604900498806D69
:1003E0000390019100F090FA0290049890F8350083
:1003F00002280DD0FFE7049880214165FFE70498AB
:10040000002180F83410FFE701208DF817005BE031
:1004100004980068016821F01601016004980068E2
:10042000416921F0800141610498006C002805D1E8
:10043000FFE70498806C002807D0FFE70498006865
:10044000016821F008010160FFE704980068016875
:1004500021F001010160FFE704980068006810F0D6
:10046000010F1BD0FFE700F04FFADDF808E0A0EB2A
:100470000E00062811D3FFE7049820214165049857
:10048000032180F83510FFE70498002180F834102C
:10049000FFE703208DF8170016E0DDE70498C06D34
:1004A0003F2101FA00F0039988600498012180F847
:1004B0003510FFE70498002180F83410FFE7FFE7CC
:1004C00000208DF81700FFE79DF8170006B080BDEB
:1004D00083B001460190019890F835000228009100
:1004E00007D0FFE701988021416501208DF80B00BE
:1004F0000EE00198052180F8351001980068016828
:1005000021F001010160FFE700208DF80B00FFE7FB
:100510009DF80B0003B070478EB00A4603460D905D
:100520000C9100200A90099008900B900692059378
:10053000FFE70B980F2800F2AB81FFE70B98012132
:1005400001FA00F00A900C9800680A990840099096
:1005500009980A99884240F09681FFE70C98406814
:1005600000F00300012807D0FFE70C98406800F076
:10057000030002282FD1FFE70D98806808900B98A0
:100580004000032101FA00F0089921EA00000890D8
:100590000C98C0680B994900884008990843089056
:1005A00008980D9988600D98406808900B98012173
:1005B00001FA00F0089921EA000008900C984068C0
:1005C000C0F300100B9988400899084308900898D8
:1005D0000D994860FFE70C98406800F0030003287D
:1005E00018D0FFE70D98C06808900B9840000321D1
:1005F00001FA00F0089921EA000008900C98806840
:100600000B994900884008990843089008980D996B
:10061000C860FFE70C98406800F00300022828D16A
:10062000FFE70D980B994FF6FC72C7F6FF7202EACE
:1006300051010844006A08900B9800F00700800000
:100640000F2101FA00F0089921EA000008900C98A7
:1006500000690B9901F00701890088400899084357
:10066000089008980D990B9B02EA53021144086206
:10067000FFE70D98006808900B984000032101FAED
:1006800000F0089921EA000008900C98406800F0FA
:1006900003000B994900884008990843089008987E
:1006A0000D9908600C9880798007002800F0EA8096
:1006B000FFE7FFE70020079043F64400C4F2020082
:1006C000016841F480410160006800F480400790B7
:1006D00007980490FFE70B9820F0030043F6080109
:1006E000C4F20101405808900B9800F0030080000C
:1006F0000F2101FA00F0089921EA000008900D98F6
:100700000021C4F20201884203D1FFE700200390D8
:1007100034E00D9840F20041C4F20201884203D156
:10072000FFE70120029026E00D9840F60001C4F298
:100730000201884203D1FFE70220019018E00D98E2
:1007400040F60041C4F20201884203D1FFE70320D2
:1007500000900AE00D9841F20001C4F20201072264
:10076000884208BF04220092FFE700980190FFE74B
:1007700001980290FFE702980390FFE70398C0B248
:100780000B9901F0030189008840089908430890FB
:1007900008980B9921F0030143F60802C4F2010204
:1007A000885043F60840C4F2010000680890099898
:1007B000089921EA000008900C988079C00600286A
:1007C00005D5FFE70998089908430890FFE70898BE
:1007D00043F60841C4F20101086043F60C40C4F23C
:1007E0000100006808900998089921EA0000089023
:1007F0000C9880798006002805D5FFE709980899AC
:1008000008430890FFE7089843F60C41C4F2010141
:10081000086043F60440C4F201000068089009989B
:10082000089921EA000008900C9880798007002838
:1008300005D5FFE70998089908430890FFE708984D
:1008400043F60441C4F20101086043F60040C4F2DB
:100850000100006808900998089921EA00000890B2
:100860000C988079C007002805D0FFE709980899FF
:1008700008430890FFE7089843F60041C4F20101DD
:100880000860FFE7FFE7FFE70B9801300B9050E6A9
:100890000EB0704785B00A4603460490ADF80E10BE
:1008A0000498406902900298BDF80E1000EA010C0D
:1008B00021EA000040EA0C4004998861019200930B
:1008C00005B0704780B585B013468C4686460490C7
:1008D000ADF80E108DF80D209DF80D000028029344
:1008E000CDF804C0CDF800E005D0FFE7BDF80E005C
:1008F0000499886105E0BDF80E0000040499886140
:10090000FFE705B080BD000040F2D830C2F2000021
:100910000068704740F24000C2F20000007840F2E8
:10092000D831C2F200010A68104408607047000024
:1009300080B582B043F60040C4F20200016841F481
:1009400000710160016841F480610160016841F457
:1009500080710160032000F09DF80F2000F006F880
:10096000019000F03FF8002002B080BD80B584B057
:100970000146029040F23000C2F20000006840F2EE
:100980004002C2F2000212784FF47A73B3FBF2F223
:10099000B0FBF2F0019100F0E5FD002804D0FFE784
:1009A00001208DF80F0018E002980F280DD8FFE7FE
:1009B00002994FF0FF30002200F048F8029840F210
:1009C0004401C2F20001086003E001208DF80F002D
:1009D00003E000208DF80F00FFE79DF80F0004B042
:1009E00080BD000084B0FFE70020039043F6440080
:1009F000C4F20200016841F480410160006800F423
:100A00008040039003980190FFE7FFE700200290E9
:100A100043F64000C4F20200016841F080510160D9
:100A2000006800F08050029002980090FFE704B048
:100A30007047000080B582B001468DF807009DF92F
:100A40000700009104F00EFC02B080BD80B58AB0B2
:100A500013468C4686468DF82700089107920020A1
:100A600006900593CDF810C0CDF80CE004F016FC0C
:100A7000069006980899079A9DF92730029303F08B
:100A800081FB029901900846019904F00FFC0AB01D
:100A900080BD000080B582B00146019001980091B0
:100AA00004F02AFC02B080BD80B588B00A46034637
:100AB00006900591069800280392029304D1FFE75F
:100AC00001208DF81F0026E1059843F60041C4F28D
:100AD0000201096801F00701884212D9FFE7059871
:100AE00043F60041C4F202010870086800F00700F4
:100AF0000599884204D0FFE701208DF81F000AE124
:100B0000FFE706980068800700282AD5FFE70698C7
:100B100000684007002809D5FFE743F60800C4F243
:100B20000200016841F4E0510160FFE706980068A7
:100B30000007002809D5FFE743F60800C4F20200C9
:100B4000016841F460410160FFE743F60800C4F228
:100B50000200016821F0F001069A926811430160D9
:100B6000FFE706980068C007002870D0FFE70698E6
:100B70004068012811D1FFE743F60000C4F20200EB
:100B8000006800F400300021B1EB504F04D1FFE7C2
:100B900001208DF81F00BEE02CE006984068022876
:100BA00005D0FFE706984068032811D1FFE743F618
:100BB0000000C4F20200006800F000700021B1EBF8
:100BC000506F04D1FFE701208DF81F00A3E010E073
:100BD00043F60000C4F20200006800F002000021A9
:100BE000B1EB500F04D1FFE701208DF81F0092E018
:100BF000FFE7FFE743F60800C4F20200016821F0B6
:100C00000301069A526811430160FFF77DFE0490CC
:100C1000FFE743F60800C4F20200006800F00C0091
:100C200006994968B0EB810F10D0FFE7FFF76CFE23
:100C3000DDF810E0A0EB0E0041F2893E704504D3D0
:100C4000FFE703208DF81F0065E0E2E7FFE7059866
:100C500043F60041C4F20201096801F0070188422D
:100C600012D2FFE7059843F60041C4F20201087072
:100C7000086800F007000599884204D0FFE70120CA
:100C80008DF81F0047E0FFE706980068400700283E
:100C90000CD5FFE743F60800C4F20200016821F416
:100CA000E051069AD26811430160FFE70698006898
:100CB000000700280DD5FFE743F60800C4F2020044
:100CC000016821F46041069A126941EAC20101609B
:100CD000FFE700F053F843F6080EC4F2020EDEF808
:100CE00000E0CEF3031E45F28E71C0F6000111F84C
:100CF0000E10C84040F23001C2F20001086040F21C
:100D00004400C2F200000068FFF730FE00218DF8B9
:100D10001F100190FFE79DF81F0008B080BD000084
:100D200040F23000C2F200000068704780B5FFF763
:100D3000F7FF43F6080EC4F2020EDEF800E0CEF331
:100D4000822E45F29E71C0F6000111F80E10C840C7
:100D500080BD000080B5FFF7E3FF43F6080EC4F244
:100D6000020EDEF800E0CEF3423E45F29E71C0F680
:100D7000000111F80E10C84080BD000080B586B09B
:100D80000020059004900390029043F60800C4F2FE
:100D90000200006800F00C0001460028019108D014
:100DA000FFE7019804280AD0FFE7019808280CD033
:100DB0004FE042F20040C0F2F40002904FE047F6EC
:100DC0004000C0F27D10029049E043F60400C4F2F6
:100DD0000200016801F03F010591006810F4800FE6
:100DE00013D0FFE743F60400C4F202000068C0F32A
:100DF000881047F64001C0F27D11A0FB0101059A61
:100E00000023FFF7E3F9049012E043F60400C4F274
:100E100002000068C0F3881042F20041C0F2F40101
:100E2000A0FB0101059A0023FFF7D0F90490FFE72A
:100E300043F60400C4F20200006800F440300221CE
:100E400001EBD030039004980399B0FBF1F00290CD
:100E500005E042F20040C0F2F4000290FFE7029881
:100E600006B080BD80B588B001460690069800287F
:100E7000019104D1FFE701208DF81F006EE3069871
:100E80000068C007002800F0AB80FFE743F60800C9
:100E9000C4F20200006800F00C00042813D0FFE741
:100EA00043F60800C4F20200006800F00C000828B5
:100EB0001FD1FFE743F60400C4F20200006810F4FB
:100EC000800F16D0FFE743F60000C4F2020000686E
:100ED00000F400300021B1EB504F09D0FFE7069835
:100EE0004068002804D1FFE701208DF81F0035E39A
:100EF00075E0FFE706984068B0F5803F09D1FFE74D
:100F000043F60000C4F20200016841F48031016040
:100F100020E006984068B0F5A02F0DD1FFE743F61A
:100F20000000C4F20200016841F480210160016800
:100F300041F4803101600CE043F60000C4F202008D
:100F4000016821F480310160016821F48021016091
:100F5000FFE7FFE7FFE70698406800281FD0FFE79C
:100F6000FFF7D2FC0590FFE743F60000C4F2020051
:100F7000006800F400300021B1EB504F0ED1FFE7C4
:100F8000FFF7C2FCDDF814E0A0EB0E00652804D3E7
:100F9000FFE703208DF81F00E0E2E5E71EE0FFF722
:100FA000B3FC0590FFE743F60000C4F202000068BE
:100FB00000F400300021B1EB504F0ED0FFE7FFF7F7
:100FC000A3FCDDF814E0A0EB0E00652804D3FFE7D6
:100FD00003208DF81F00C1E2E5E7FFE7FFE7FFE729
:100FE000069800688007002840F19B80FFE743F6E1
:100FF0000800C4F20200006810F00C0F13D0FFE7E5
:1010000043F60800C4F20200006800F00C00082853
:101010002CD1FFE743F60400C4F20200006810F48C
:10102000800F23D1FFE743F60000C4F202000068FE
:1010300000F002000021B1EB500F09D0FFE7069845
:10104000C068012804D0FFE701208DF81F0085E269
:1010500043F60000C4F20200016821F0F801069A8C
:10106000126941EAC2010160FFE759E00698C068D1
:10107000002830D0FFE70020C4F2472001210160A2
:10108000FFF742FC0590FFE743F60000C4F20200C0
:10109000006800F002000021B1EB500F0ED1FFE715
:1010A000FFF732FCDDF814E0A0EB0E00032804D3B8
:1010B000FFE703208DF81F0050E2E5E743F600004C
:1010C000C4F20200016821F0F801069A126941EAAF
:1010D000C201016023E00020C4F24720002101602A
:1010E000FFF712FC0590FFE743F60000C4F2020090
:1010F000006800F002000021B1EB500F0ED0FFE7B6
:10110000FFF702FCDDF814E0A0EB0E00032804D387
:10111000FFE703208DF81F0020E2E5E7FFE7FFE788
:10112000FFE7069800680007002850D5FFE70698FB
:101130004069002825D0FFE740F68060C4F24720D0
:1011400001210160FFF7E0FB0590FFE743F6740023
:10115000C4F20200006800F002000021B1EB500F61
:101160000ED1FFE7FFF7D0FBDDF814E0A0EB0E0097
:10117000032804D3FFE703208DF81F00EEE1E5E725
:1011800024E040F68060C4F2472000210160FFF7B0
:10119000BBFB0590FFE743F67400C4F20200006851
:1011A00000F002000021B1EB500F0ED0FFE7FFF777
:1011B000ABFBDDF814E0A0EB0E00032804D3FFE73F
:1011C00003208DF81F00C9E1E5E7FFE7FFE7069878
:1011D00000684007002840F1D680FFE700208DF826
:1011E0000F0043F64000C4F20200006810F0805F78
:1011F00016D1FFE7FFE70020029043F64000C4F25B
:101200000200016841F080510160006800F08050E8
:10121000029002980090FFE701208DF80F00FFE791
:1012200047F20000C4F20000006810F4807F24D16F
:10123000FFE747F20000C4F20000016841F480714A
:101240000160FFF761FB0590FFE747F20000C4F281
:101250000000006810F4807F0ED1FFE7FFF754FB19
:10126000DDF814E0A0EB0E00032804D3FFE7032011
:101270008DF81F0072E1E8E7FFE7FFE70698806856
:10128000012809D1FFE743F67000C4F202000168AB
:1012900041F0010101601FE00698806805280DD12A
:1012A000FFE743F67000C4F20200016841F0040158
:1012B0000160016841F0010101600CE043F670003B
:1012C000C4F20200016821F001010160016821F00F
:1012D00004010160FFE7FFE7FFE706988068002848
:1012E00021D0FFE7FFF710FB0590FFE743F6700002
:1012F000C4F20200006800F002000021B1EB500FC0
:1013000010D1FFE7FFF700FBDDF814E0A0EB0E00C3
:1013100041F2893E704504D3FFE703208DF81F009A
:101320001CE1E3E720E0FFF7EFFA0590FFE743F663
:101330007000C4F20200006800F002000021B1EB6E
:10134000500F10D0FFE7FFF7DFFADDF814E0A0EB55
:101350000E0041F2893E704504D3FFE703208DF86B
:101360001F00FBE0E3E7FFE79DF80F00012809D12C
:10137000FFE743F64000C4F20200016821F080510B
:101380000160FFE7FFE706988069002800F0E2802F
:10139000FFE743F60800C4F20200006800F00C000A
:1013A000082800F08B80FFE706988069022860D14A
:1013B000FFE76020C4F2472000210160FFF7A4FA94
:1013C0000590FFE743F60000C4F20200006800F059
:1013D00000700021B1EB506F0ED0FFE7FFF794FAD9
:1013E000DDF814E0A0EB0E00032804D3FFE7032090
:1013F0008DF81F00B2E0E5E70698C169026A436A0A
:10140000D0F828C0114341EA83114FEACC324FF69D
:10141000FF739A43A2F580321143C06A41EA00602B
:1014200043F60401C4F2020108606020C4F24720C0
:1014300001210160FFF768FA0590FFE743F600001D
:10144000C4F20200006800F000700021B1EB506FA0
:101450000ED1FFE7FFF758FADDF814E0A0EB0E001D
:10146000032804D3FFE703208DF81F0076E0E5E7AB
:1014700023E06020C4F2472000210160FFF744FA16
:101480000590FFE743F60000C4F20200006800F098
:1014900000700021B1EB506F0ED0FFE7FFF734FA78
:1014A000DDF814E0A0EB0E00032804D3FFE70320CF
:1014B0008DF81F0052E0E5E7FFE74AE006988069F3
:1014C000012804D1FFE701208DF81F0046E043F614
:1014D0000400C4F2020000680490069880690128A4
:1014E00031D0FFE7049800F480000699C96988426A
:1014F00029D1FFE7049800F03F000699096A884265
:1015000021D1FFE7049847F6C07108400699496A5F
:10151000B0EB811F17D1FFE7049800F44030069923
:10152000896AC9034FF6FF729143A1F58031884261
:1015300009D1FFE7049800F070600699C96AB0EB22
:10154000016F04D0FFE701208DF81F0006E0FFE7E0
:10155000FFE7FFE700208DF81F00FFE79DF81F0061
:1015600008B080BD80B582B001460190019800911D
:1015700003F020F802B080BD82B0014601900091D6
:1015800002B0704782B001460190009102B07047EE
:1015900086B00A460346049003910020029001920F
:1015A0000093FFE7049890F83C00012804D1FFE77E
:1015B00002208DF8170044E00498012180F83C10C7
:1015C000FFE7FFE7029820F0FF000399C96808438E
:1015D0000290029820F440700399896808430290B1
:1015E000029820F4806003994968084302900298A9
:1015F00020F400600399096808430290029820F4DF
:1016000080500399096908430290029820F4005021
:101610000399496908430290029820F48040039995
:10162000C969084302900298049909684864FFE771
:101630000498002180F83C10FFE700208DF8170087
:10164000FFE79DF8170006B07047000087B00A4614
:1016500003460590049101920093FFE7059890F8E6
:101660003C00012804D1FFE702208DF81B006CE04C
:101670000598012180F83C10FFE7FFE7059802215B
:1016800080F83D1005980068406803900598006850
:1016900080680290039820F070000390049800681E
:1016A00003990843039003980599096848600598D1
:1016B00000680021C4F2010188422AD0FFE70598A2
:1016C0000068B0F1804F24D0FFE70598006840F231
:1016D0000041C4F2000188421BD0FFE70598006872
:1016E00040F60001C4F20001884212D0FFE70598DD
:1016F000006840F60041C4F20001884209D0FFE7CB
:101700000598006844F20001C4F2010188420ED13C
:10171000FFE7029820F08000029004984068029948
:10172000084302900298059909688860FFE70598C8
:10173000012180F83D10FFE70598002180F83C105A
:10174000FFE700208DF81B00FFE79DF81B0007B0A6
:101750007047000080B584B00146029002980028CE
:10176000019104D1FFE701208DF80F0043E00298BA
:1017700090F83D00002808D1FFE70298002180F88A
:101780003C10029800F03CF8FFE70298022180F834
:101790003D10029850F8041B00900846009902F092
:1017A000B7FF0298012180F84610FFE70298012157
:1017B00080F83E10029880F83F10029880F84010A0
:1017C000029880F84110FFE7FFE70298012180F8B6
:1017D0004210029880F84310029880F84410029852
:1017E00080F84510FFE70298012180F83D100020A5
:1017F0008DF80F00FFE79DF80F0004B080BD0000DA
:1018000080B588B001460790079800680022C4F2AE
:101810000102904204911CD1FFE7FFE700200690EF
:1018200043F64400C4F20200016841F00101016086
:10183000006800F00100069006980390FFE7192069
:10184000012100220290FFF701F90298FFF7F2F858
:101850001CE00798006844F20001C4F201018842CC
:1018600013D1FFE7FFE70020059043F64400C4F2E0
:101870000200016841F480310160006800F48030AA
:10188000059005980190FFE7FFE7FFE708B080BDEE
:1018900084B001460290029890F83D000128009122
:1018A00004D0FFE701208DF80F0058E002980221D4
:1018B00080F83D1002980068C16841F00101C160E4
:1018C000029800680021C4F2010188422AD0FFE793
:1018D00002980068B0F1804F24D0FFE702980068BA
:1018E00040F20041C4F2000188421BD0FFE7029899
:1018F000006840F60001C4F20001884212D0FFE700
:101900000298006840F60041C4F20001884209D004
:10191000FFE70298006844F20001C4F20101884226
:1019200012D1FFE702980068806800F0070001907C
:101930000198062807D0FFE702980068016841F087
:1019400001010160FFE706E002980068016841F0CC
:1019500001010160FFE700208DF80F00FFE79DF80F
:101960000F0004B07047000080B58EB00A460346F1
:101970000C900B9100208DF82B0008920793FFE745
:101980000C9890F83C00012804D1FFE702208DF864
:101990003700BBE00C98012180F83C10FFE7FFE71F
:1019A0000C98022180F83D100C980068806809901E
:1019B000099820F077000990099820F47F40099059
:1019C00009980C99096888600B98006800280690AF
:1019D00000F08280FFE7069810287DD0FFE7069888
:1019E000202879D0FFE70698302875D0FFE70698C1
:1019F000402861D0FFE7069850283DD0FFE70698C1
:101A0000602849D0FFE7069870280BD0FFE70698BA
:101A1000B0F5805F05D0FFE70698B0F5005F19D0FC
:101A200061E064E00C9800680B994A688B68C968AB
:101A300005911946059B02F037FF0C9800688068F5
:101A40000990099840F07700099009980C99096865
:101A500088604CE00C9800680B994A688B68C968EC
:101A600004911946049B02F01FFF0C9800688168DE
:101A700041F4804181603AE00C9800680B994A6813
:101A8000C96803911146039A03F0E2F80C980068C4
:101A9000502102F02FFF2AE00C9800680B994A6849
:101AA000C96802911146029A03F004F90C98006883
:101AB000602102F01FFF1AE00C9800680B994A6839
:101AC000C96801911146019A03F0C2F80C980068A8
:101AD000402102F00FFF0AE00C9800680B9909689A
:101AE00002F008FF03E001208DF82B00FFE70C98BF
:101AF000012180F83D10FFE70C98002180F83C1090
:101B0000FFE79DF82B008DF83700FFE79DF83700C1
:101B10000EB080BD80B58AB00A4603460890079192
:101B2000089800280392029304D1FFE701208DF862
:101B300027008CE0089890F83D00002808D1FFE7C6
:101B40000898002180F83C10089800F085F8FFE71D
:101B50000898022180F83D1008980068816844F2D6
:101B6000070291438160089850F8041B01900846D1
:101B7000019902F0CDFD08980068806806900898E9
:101B800000688069059008980068006A04900798CA
:101B90000068069908430690059840F2033188438F
:101BA000059007988168806941EA002005990843FB
:101BB0000590059840F60C418843059005984FF232
:101BC000F001884305900798C168C06941EA002088
:101BD00005990843059007980169006A090141EADF
:101BE0000030059908430590049820F022000490E5
:101BF000049820F08800049007984168406941EA01
:101C000000100499084304900698089909688860B0
:101C10000598089909688861049808990968086214
:101C20000898012180F84610089880F83E1008981E
:101C300080F83F10089880F84210089880F8431008
:101C4000089880F83D1000208DF82700FFE79DF8E8
:101C500027000AB080BD000080B59EB001461D90EF
:101C600000201C901B901A90199018901D980068E5
:101C7000B0F1804F0E915FD1FFE7FFE70020179092
:101C800043F64000C4F20200016841F00101016026
:101C9000006800F00100179017980D90FFE7FFE72C
:101CA0000020169043F63000C4F20200016841F0B3
:101CB00001010160006800F00100169016980C9078
:101CC000FFE7FFE70020159043F63000C4F2020062
:101CD000016841F002010160006800F00200159007
:101CE00015980B90FFE74FF40040189002201990D0
:101CF00000211A911B9101221C920023C4F20203BD
:101D00000DF1600C0A90184609916146CDF820C08B
:101D10000792FEF701FC082018900A98199009997B
:101D20001A911B91079A1C9240F20040C4F20200E3
:101D30000899FEF7F1FBB8E01D98006840F20041F9
:101D4000C4F20001884234D1FFE7FFE7002014907D
:101D500043F64000C4F20200016841F00201016054
:101D6000006800F00200149014980690FFE7FFE767
:101D70000020139043F63000C4F20200016841F0E5
:101D800002010160006800F00200139013980590B2
:101D9000FFE7302018900220199000211A911B9122
:101DA0001C9040F20040C4F2020018A9FEF7B4FBF8
:101DB0007AE01D98006840F60001C4F200018842F4
:101DC00034D1FFE7FFE70020129043F64000C4F251
:101DD0000200016841F004010160006800F00400A5
:101DE000129012980490FFE7FFE70020119043F64D
:101DF0003000C4F20200016841F002010160006895
:101E000000F00200119011980390FFE7C020189095
:101E10000220199000211A911B911C9040F2004061
:101E2000C4F2020018A9FEF777FB3CE01D98006899
:101E300040F60041C4F20001884233D1FFE7FFE7DA
:101E40000020109043F64000C4F20200016841F007
:101E500008010160006800F00800109010980290DE
:101E6000FFE7FFE700200F9043F63000C4F20200C6
:101E7000016841F001010160006800F001000F906D
:101E80000F980190FFE7032018900220199000217D
:101E90001A911B911C900020C4F2020018A9FEF7B1
:101EA0003BFBFFE7FFE7FFE7FFE71EB080BD000059
:101EB00080B588B00A46034606900591069890F8CA
:101EC0003E008DF81300069890F83F008DF8120040
:101ED000069890F842008DF81100069890F843009B
:101EE0008DF81000059800280392029317D1FFE7A0
:101EF0009DF81300012805D1FFE79DF81100012886
:101F000004D0FFE701208DF81F007AE00698022137
:101F100080F83E10069880F84210FFE742E00598EE
:101F2000042817D1FFE79DF81200012805D1FFE72B
:101F30009DF81000012804D0FFE701208DF81F0054
:101F40005FE00698022180F83F10069880F8431061
:101F5000FFE726E09DF8130001280FD1FFE79DF869
:101F6000120001280AD1FFE79DF81100012805D1D0
:101F7000FFE79DF81000012804D0FFE701208DF84D
:101F80001F003EE00698022180F83E10069880F877
:101F90003F10069880F84210069880F84310FFE73B
:101FA000FFE7FFE705980028019004D0FFE70198BC
:101FB000042807D00DE0069800680021012202F0F5
:101FC0004DFC14E0069800680421012202F046FC52
:101FD0000DE00698006800210122009202F03EFC0C
:101FE000069800680421009A02F038FCFFE7069882
:101FF0000068016841F00101016000208DF81F00B8
:10200000FFE79DF81F0008B080BD000082B00146C8
:102010000190009102B0704780B584B001460390F2
:1020200003980068C06802900398006800690190F6
:10203000019880070028009124D5FFE702988007C7
:1020400000281ED5FFE7039800686FF002010161C8
:1020500003980121017703980068806910F0030F4D
:1020600004D0FFE70398FFF7D1FF06E0039800F0E4
:102070003BF9039800F04AFAFFE703980021017743
:10208000FFE7FFE701984007002824D5FFE7029803
:10209000400700281ED5FFE7039800686FF0040191
:1020A000016103980221017703980068806910F4A8
:1020B000407F04D0FFE70398FFF7A8FF06E00398EE
:1020C00000F012F9039800F021FAFFE703980021CD
:1020D0000177FFE7FFE701980007002824D5FFE715
:1020E0000298000700281ED5FFE7039800686FF0EC
:1020F0000801016103980421017703980068C06911
:1021000010F0030F04D0FFE70398FFF77FFF06E00E
:10211000039800F0E9F8039800F0F8F9FFE7039856
:1021200000210177FFE7FFE70198C006002824D5CA
:10213000FFE70298C00600281ED5FFE70398006855
:102140006FF010010161039808210177039800687E
:10215000C06910F4407F04D0FFE70398FFF756FFF3
:1021600006E0039800F0C0F8039800F0CFF9FFE70D
:10217000039800210177FFE7FFE70198C0070028D7
:102180000FD0FFE70298C007002809D0FFE70398A7
:1021900000686FF001010161039800F085FAFFE724
:1021A000FFE70198000600280FD5FFE70298000618
:1021B000002809D5FFE7039800686FF080010161EE
:1021C0000398FFF7D9F9FFE7FFE7019840060028D9
:1021D0000FD5FFE702984006002809D5FFE70398CE
:1021E00000686FF040010161039800F0A7FEFFE76F
:1021F000FFE70198800600280FD5FFE702988006C8
:10220000002809D5FFE7039800686FF020010161FD
:102210000398FFF7B7F9FFE7FFE704B080BD0000C0
:1022200080B58CB001460B9000200A900990089070
:10223000079006900B9800680022C4F201029042B9
:10224000039123D1FFE7FFE70020059043F630001C
:10225000C4F20200016841F001010160006800F071
:102260000100059005980290FFE74FF4106006907A
:102270000220079000200890099001200A90002079
:10228000C4F2020006A9FEF747F92BE00B9800689C
:1022900044F20001C4F20101884222D1FFE7FFE7C6
:1022A0000020049043F63000C4F20200016841F0BF
:1022B00001010160006800F00100049004980190A1
:1022C000FFE70C200690022007900020089009905C
:1022D00003200A900020C4F2020006A9FEF71CF9B0
:1022E000FFE7FFE70CB080BD82B00146019000918E
:1022F00002B0704780B58AB013468C468646089077
:102300000791069200208DF817000493CDF80CC0B9
:10231000CDF808E0FFE7089890F83C00012804D1C8
:10232000FFE702208DF827008FE00898012180F850
:102330003C10FFE7FFE706980C28019000F276803A
:102340000199DFE801F007737373227373733D73B0
:102350007373580008980068079902F0E5FA089826
:102360000068816941F0080181610898006881690D
:1023700021F0040181610798006908990968D1F882
:1023800018E040EA0E00886154E008980068079958
:1023900002F034FB08980068816941F400618161B2
:1023A00008980068816921F480618161079800695B
:1023B00008990968D1F818E04EEA0020886139E0F0
:1023C00008980068079902F087FB08980068C169BF
:1023D00041F00801C16108980068C16921F0040159
:1023E000C1610798006908990968D1F81CE040EAC2
:1023F0000E00C8611EE008980068079902F0DAFB39
:1024000008980068C16941F40061C16108980068DA
:10241000C16921F48061C161079800690899096860
:10242000D1F81CE04EEA0020C86103E001208DF8DD
:102430001700FFE7FFE70898002180F83C10FFE74E
:102440009DF817008DF82700FFE79DF827000AB0D8
:1024500080BD000080B584B001460290029800283B
:10246000019104D1FFE701208DF80F0043E00298AD
:1024700090F83D00002808D1FFE70298002180F87D
:102480003C10029800F03CF8FFE70298022180F827
:102490003D10029850F8041B00900846009902F085
:1024A00037F90298012180F84610FFE702980121D0
:1024B00080F83E10029880F83F10029880F8401093
:1024C000029880F84110FFE7FFE70298012180F8A9
:1024D0004210029880F84310029880F84410029845
:1024E00080F84510FFE70298012180F83D10002098
:1024F0008DF80F00FFE79DF80F0004B080BD0000CD
:1025000082B001460190009102B0704782B001464E
:102510000190009102B0704780B58CB00A46034626
:102520000A900991099800280792069305D1FFE7C0
:102530000A9890F83E0005901CE00998042805D1FF
:10254000FFE70A9890F83F00049010E009980828E7
:1025500005D1FFE70A9890F84000039004E00A983C
:1025600090F841000390FFE703980490FFE7049878
:102570000590FFE70598012804D0FFE701208DF8BA
:102580002F008CE00998002805D1FFE70A98022166
:1025900080F83E101FE00998042806D1FFE70A984A
:1025A000022180F83F10029112E00998082806D114
:1025B000FFE70A98022180F84010019105E00A988F
:1025C000022180F841100191FFE701980290FFE796
:1025D00002980090FFE70A9800680999012202F02A
:1025E0003DF90A9800680021C4F20101884207D130
:1025F000FFE70A980068416C41F400414164FFE73D
:102600000A9800680021C4F2010188422AD0FFE73D
:102610000A980068B0F1804F24D0FFE70A9800685C
:1026200040F20041C4F2000188421BD0FFE70A9843
:10263000006840F60001C4F20001884212D0FFE7B2
:102640000A98006840F60041C4F20001884209D0AF
:10265000FFE70A98006844F20001C4F201018842D1
:1026600012D1FFE70A980068806800F00700089020
:102670000898062807D0FFE70A980068016841F02B
:1026800001010160FFE706E00A980068016841F077
:1026900001010160FFE700208DF82F00FFE79DF8A2
:1026A0002F000CB080BD0000F0B5B5B001463490ED
:1026B0003498006844F20042C4F20102904233911F
:1026C00003D1FFE7FEF726F9FFE7349840F2F00167
:1026D000C2F20001884240F02C84FFE740F2800003
:1026E000C2F2000001680131016065290FD3FFE7E4
:1026F00040F60000C4F202004FF40051FEF7CAF8A1
:1027000040F28000C2F2000000210160FFE740F2C9
:102710003C00C2F2000090ED000A01F019FF40F207
:10272000E00EC2F2000ECEF8000040F23800C2F215
:10273000000090ED000A01F0F5FE40F2DC0EC2F25E
:10274000000ECEF8000040F26C00C2F200000078EB
:1027500000283DD0FFE7002001213290329A3191CC
:102760001146319A01F09EFD329930900846319A17
:1027700001F038FE32992F900846319A00F050FF50
:1027800032992E900846319A00F0C8FF9FEDA20AB8
:102790008DED2D0ADDED2D0A31992C90084601F0C2
:1027A0003BF840F2EC31C2F20001329A0A6040F28A
:1027B000FC21C2F200010A6040F20031C2F20001C5
:1027C0000A6040F26C01C2F200010A702B90FFE730
:1027D00040F2A430C2F20000B0F9040000EE100A8A
:1027E000B8EEC00A9FED8D1A80EE010A9FED8C1A9B
:1027F00020EE010A40F2EC00C2F2000080ED000A77
:1028000090ED000A40F2C030C2F20000D0ED000AA4
:1028100000202A9001F000F800EE100AB8EEC00A7D
:1028200040F2EC30C2F2000080ED000A90ED000AA8
:10283000BDEEC00A10EE10EA28212990704602F081
:10284000F5FC00EE100AB8EEC00A299880ED000AE7
:1028500040F23811C2F20001D1F800E0DEF824E0C5
:1028600040F2A802C2F20002A2F800E040F2801E8C
:10287000C2F2000EDEF800305B6A40F2AA0CC2F22F
:10288000000CACF8003040F2C813C2F200031C6820
:10289000646A40F2AC05C2F200052C8040F21024BC
:1028A000C2F200042668766A40F2AE07C2F2000760
:1028B0003E8009682A9E4E62DEF800104E6219685A
:1028C0004E6221684E621188494240F26402C2F2AF
:1028D00000021180BCF8001040F26603C2F200034F
:1028E00019802988494240F2680CC2F2000CACF809
:1028F0000010398840F26A0EC2F2000EAEF80010E5
:10290000B2F9001040F2EC22C2F200021468214435
:102910001160B3F9001040F2F023C2F200031C680A
:1029200021441960BCF9001040F2F42CC2F2000CF2
:10293000DCF800402144CCF80010BEF9001040F251
:10294000F82EC2F2000EDEF800402144CEF800104E
:102950001968DEF800E0714401EBD171491040F2D2
:10296000FC2EC2F2000ECEF800101168DCF800C098
:10297000614401EBD171491040F2003CC2F2000CFD
:10298000CCF800101868CDF8A0E0279201F03AFCCE
:1029900040F2D000C2F2000080ED000A27980068E3
:1029A00001F030FC40F2D400C2F2000080ED000AD9
:1029B0002898016840F2DC02C2F200021268881A0C
:1029C000FDF735FC13282DDCFFE740F20030C2F2A2
:1029D0000000006840F2DC01C2F200010968401A00
:1029E000FDF725FC13281DDCFFE70020269001F0F1
:1029F000E3FA269801F01CFB269801F055FB269877
:102A000001F088FB40F26C00C2F200004FF0010EB2
:102A100080F800E08CE200BF0000000000000047EA
:102A20000000344340F2FC20C2F20000016840F292
:102A3000DC02C2F2000213684FF0000C2590084639
:102A4000194624926246CDF88CC001F02BFC00EEB2
:102A5000100AB8EEC00A40F2B030C2F2000080EDB9
:102A6000000A25990A68249B196822901046239A27
:102A700001F018FC00EE100AB8EEC00A40F2B430C3
:102A8000C2F2000080ED000A40F20031C2F2000103
:102A90000A68249BD3F800C021901046209161461B
:102AA000239A01F09FFC00EE100AB8EEC00A40F233
:102AB000B830C2F2000080ED000A20990A68249B19
:102AC00019681F901046239A01F08CFC00EE100A42
:102AD000B8EEC00A40F2BC30C2F2000080ED000A3D
:102AE000229991ED000ABDEEC00A10EE102A40F2C4
:102AF0003C03C2F2000393ED000A1E901D921C934A
:102B000001F026FD1D991B9008461B9902F08EFBD3
:102B100000EE100AB8EEC00A229880ED000A219952
:102B200091ED000ABDEEC00A10EE102A1C9B93ED39
:102B3000000A1A9201F00CFD1A9919900846199989
:102B400002F074FB00EE100AB8EEC00A219880ED86
:102B5000000A1F9991ED000ABDEEC00A10EE102A7E
:102B60001C9B93ED000A189201F0F2FC1899179043
:102B70000846179902F05AFB00EE100AB8EEC00A98
:102B80001F9880ED000A1E9991ED000ABDEEC00A63
:102B900010EE102A1C9B93ED000A169201F0D8FC4F
:102BA000169915900846159902F040FB00EE100AA0
:102BB000B8EEC00A1E9880ED000A229991ED000A35
:102BC000BDEEC00A10EE102A9FEDDB0A8DED140A4F
:102BD000139201F0BDFC139912900846129902F06D
:102BE00025FB00EE100AB8EEC00A229880ED000A1C
:102BF000219991ED000ABDEEC00A10EE102A9DED5C
:102C0000140A119201F0A4FC119910900846109931
:102C100002F00CFB00EE100AB8EEC00A219880ED1D
:102C2000000A1F9991ED000ABDEEC00A10EE102AAD
:102C30009DED140A0F9201F08BFC0F990E9008463F
:102C40000E9902F0F3FA00EE100AB8EEC00A1F98CF
:102C500080ED000A1E9991ED000ABDEEC00A10EE4B
:102C6000102A9DED140A0D9201F072FC0D990C9042
:102C700008460C9902F0DAFA00EE100AB8EEC00A23
:102C80001E9880ED000A40F27001C2F2000191ED41
:102C9000000A229AD2ED000AB0EE081A8DED0B1A46
:102CA0000A9102F049FB229880ED000A40F274017B
:102CB000C2F2000191ED000AD0ED000A9DED0B1A61
:102CC000099102F039FB219880ED000A40F2780169
:102CD000C2F2000191ED000A1F9AD2ED000A9DEDAB
:102CE0000B1A089102F028FB1F9880ED000A40F2B1
:102CF0007C01C2F2000191ED000AD0ED000A9DEDC9
:102D00000B1A079102F018FB1E9880ED000A229919
:102D10000A680A9B1A60219AD2F800C0DDF824E004
:102D2000CEF800C0DDF87CC0DCF80040089D2C60C7
:102D30000468079E346040F26604C2F20004B4F9ED
:102D4000000091ED000ABDEEC00A10EE104A2146C7
:102D5000239A00F065FC00EE100AB8EEC00A40F2BB
:102D60009430C2F2000080ED000A40F26A01C2F223
:102D70000001B1F90010219A92ED000ABDEEC00ADF
:102D800010EE103A069008461946239A00F048FCC7
:102D900000EE100AB8EEC00A40F29830C2F200000D
:102DA00080ED000A40F26401C2F20001B1F90010A6
:102DB0001F9A92ED000ABDEEC00A10EE103A05907F
:102DC00008461946239A00F0A9FC00EE100AB8EE56
:102DD000C00A40F29C30C2F2000080ED000A40F2CE
:102DE0006801C2F20001B1F900101E9A92ED000ACA
:102DF000BDEEC00A10EE103A049008461946239A18
:102E000000F08CFC00EE100AB8EEC00A40F2A030D0
:102E1000C2F2000080ED000A069991ED000ABDEEB5
:102E2000C00A10EE102A632303901046194602933D
:102E300002F0FCF900EE100AB8EEC00A069880ED28
:102E4000000A059991ED000ABDEEC00A10EE102AA5
:102E50001046029902F0EAF900EE100AB8EEC00A34
:102E6000059880ED000A049991ED000ABDEEC00AB4
:102E700010EE102A1046029902F0D8F900EE100A5E
:102E8000B8EEC00A049880ED000A039991ED000A9B
:102E9000BDEEC00A10EE102A1046029902F0C6F9E3
:102EA00000EE100AB8EEC00A039880ED000A0499FB
:102EB00091ED000A40F2EC32C2F2000292ED001AEB
:102EC00030EE010ABDEEC00A10EE103A184601922B
:102ED00001F072F8069890ED000A019991ED001A40
:102EE00030EE410ABDEEC00A10EE102A104601F085
:102EF0009FF8039890ED000A019991ED001A30EEC9
:102F0000010ABDEEC00A10EE102A104601F0CCF8FE
:102F1000059890ED000A019991ED001A30EE410AF2
:102F2000BDEEC00A10EE102A104601F0F3F8FFE7DC
:102F3000FFE735B0F0BD00BF00002D4382B0014671
:102F40000190009102B0704784B00A460346039096
:102F5000ADF80A100192009304B0704782B00146A8
:102F60000190009102B0704780B598B0014617906B
:102F7000179800680068169017980068C068159048
:102F800017980068406914900020139012901698CA
:102F900000F00F00139013980028069112D1FFE75C
:102FA0009DF85800800600280BD5FFE79DF85400D7
:102FB0008006002805D5FFE7179801F031FF05903E
:102FC00011E2FFE71398002800F0CD80FFE79DF89D
:102FD0005000C007002807D1FFE7BDF8540010F4E7
:102FE000907F00F0C080FFE79DF85800C0070028E0
:102FF0000CD0FFE79DF85500C007002806D0FFE77A
:103000001798416C41F001014164FFE79DF85800B9
:10301000400700280CD5FFE79DF85000C0070028A6
:1030200006D0FFE71798416C41F002014164FFE7C9
:103030009DF85800800700280CD5FFE79DF8500048
:10304000C007002806D0FFE71798416C41F0040143
:103050004164FFE79DF858000007002812D5FFE7FC
:103060009DF854008006002806D4FFE79DF8500024
:10307000C007002806D0FFE71798416C41F008010F
:103080004164FFE71798406C00286BD0FFE79DF87C
:103090005800800600280BD5FFE79DF854008006F5
:1030A000002805D5FFE7179801F0BAFE0490FFE766
:1030B000179800684069C0F3801012901798406C10
:1030C00010F0080F04D1FFE71298002840D0FFE766
:1030D000179801F031FE17980068406910F0400F12
:1030E00031D0FFE7FFE7FFE71798006850E8050FCA
:1030F00020F040001190FFE711981799096841E806
:103100000502002AF0D1FFE7FFE71798C06B0028FF
:1031100014D0FFE71798C06B44F61951C0F60001B0
:1031200001651798C06BFDF7D3F9002805D0FFE7BC
:103130001798C06B016D8847FFE703E01798FFF70A
:103140000DFFFFE703E01798FFF708FFFFE708E030
:103150001798FFF703FF17984FF0000EC0F844E0F0
:10316000FFE7FFE73FE11798006B012840F0198166
:10317000FFE79DF85800C006002840F11281FFE7E4
:103180009DF85400C006002840F10B81FFE7FFE7DF
:103190000020109017980068006810901798006839
:1031A0004068109010980390FFE7179800684069F6
:1031B00010F0400F00F09B80FFE71798C06B00688D
:1031C0004068ADF83E00BDF83E00002876D0FFE72D
:1031D000BDF83E001799898D88426FDAFFE7BDF888
:1031E0003E001799C8851798C06BC069B0F5807FFD
:1031F00059D0FFE7FFE7FFE71798006850E8030F93
:1032000020F480700E90FFE70E981799096841E846
:103210000302002AF0D1FFE7FFE7FFE7FFE7179877
:10322000006850E8050F20F001000D90FFE70D98B1
:103230001799096841E80502002AF0D1FFE7FFE786
:10324000FFE7FFE71798006850E8050F20F04000FF
:103250000C90FFE70C981799096841E80502002ACD
:10326000F0D1FFE7FFE71798202180F84210179868
:1032700000210163FFE7FFE71798006850E8030F9C
:1032800020F010000B90FFE70B981799096841E8B0
:103290000302002AF0D1FFE7FFE71798C06BFDF7A4
:1032A00099F80290FFE71798022141631798818DE2
:1032B000C28D891A89B2FFF747FE17E0BDF83E00BC
:1032C0001799898D884210D1FFE71798C06BC069A4
:1032D000B0F5807F08D1FFE7179802214163179866
:1032E000818DFFF731FEFFE7FFE7FFE77BE01798EF
:1032F000818DC08D081AADF82A001798C08D00285E
:103300004ED0FFE7BDF82A00002849D0FFE7FFE7CD
:10331000FFE71798006850E8030F20F490700990B9
:10332000FFE709981799096841E80302002AF0D1DC
:10333000FFE7FFE7FFE7FFE71798006850E8050F92
:1033400020F001000890FFE708981799096841E804
:103350000502002AF0D1FFE7FFE71798202180F847
:103360004210179800210163FFE7FFE717980068F4
:1033700050E8030F20F010000790FFE70798179917
:10338000096841E80302002AF0D1FFE7FFE7179838
:10339000022141631798BDF82A10FFF7D5FDFFE71A
:1033A00021E09DF85800000600280BD5FFE79DF8A6
:1033B00054000006002805D5FFE7179801F0DCFE51
:1033C000019010E09DF85800400600280BD5FFE75B
:1033D0009DF854004006002805D5FFE7179801F036
:1033E000F7FC0090FFE718B080BD000080B584B006
:1033F0000146029002980028019104D1FFE70120C4
:103400008DF80F0043E002988069002801D0FFE7A3
:1034100000E0FFE7029890F84100002808D1FFE79C
:103420000298002180F84010029800F035F8FFE77C
:103430000298242180F8411002980068C16821F4A4
:103440000051C160029801F0A7FD0298006801696F
:1034500021F49041016102980068416921F02A013C
:10346000416102980068C16841F40051C16002984E
:103470000021416402984FF0200E80F841E002984C
:1034800080F842E0029841638DF80F10FFE79DF845
:103490000F0004B080BD000080B58EB001460D90D5
:1034A00000200C900B900A90099008900D980068ED
:1034B00041F20002C4F201029042059142D1FFE7BD
:1034C000FFE70020079043F64400C4F202000168C1
:1034D00041F010010160006800F0100007900798AB
:1034E0000490FFE7FFE70020069043F63000C4F2A7
:1034F0000200016841F001010160006800F0010074
:10350000069006980390FFE74FF4C06008900220F1
:10351000099000200A9003210B9107210C910021B2
:10352000C4F2020108AA029008461146FCF7F4FF13
:10353000252001210190029AFDF788FA0198FDF7F4
:1035400079FAFFE70EB080BD80B588B013468C468F
:10355000864606900591ADF81220069890F8420034
:1035600020280393CDF808C0CDF804E019D1FFE777
:103570000598002805D0FFE7BDF81200002804D107
:10358000FFE701208DF81F000FE00698002101637E
:1035900006980599BDF8122001F0B2FD8DF81F00C4
:1035A00003E002208DF81F00FFE79DF81F0008B020
:1035B00080BD000080B588B001460790079800687C
:1035C00041F20002C4F20102904206911DD1FFE7D0
:1035D00040F2A020C2F2000040F2D801C2F2000185
:1035E0000122059004910392FFF7AEFF04990A7837
:1035F0000290104601F0C8FF059901900846049911
:10360000039AFFF7A1FF0090FFE708B080BD00001C
:1036100082B001460190009102B07047FFE7FEE7DB
:1036200080B587B013468C46864605900491039278
:10363000039801280293CDF804C0CDF800E017D11B
:10364000FFE740F28400C2F200000021016040F276
:103650004800C2F20000016040F29C00C2F200008B
:10366000016040F2C800C2F200000160069151E022
:1036700004980599401A00EE100AB8EEC00A40F20C
:103680004800C2F2000080ED000A40F21001C2F2D0
:10369000000191ED000A90ED001A40F29C01C2F287
:1036A000000191ED002A31EE423A40F20802C2F2E6
:1036B000000292ED004A24EE014A00EE034A40F275
:1036C0000002C2F2000292ED000A32EE022A31EE4E
:1036D000421A40F2C802C2F2000292ED002A31EE14
:1036E000021A00EE014A40F28403C2F2000393ED95
:1036F000000A30EE040A83ED000AD1F800C0C2F8D7
:1037000000C00068086093ED000ABDEEC00A8DEDB0
:10371000060AFFE7069807B080BD000080B587B0B5
:1037200013468C468646059004910392039801281F
:103730000293CDF804C0CDF800E017D1FFE740F2C6
:103740008800C2F200000021016040F24C00C2F289
:103750000000016040F2A000C2F20000016040F2EF
:10376000CC00C2F200000160069151E00498059976
:10377000401A00EE100AB8EEC00A40F24C00C2F245
:10378000000080ED000A40F21401C2F2000191ED48
:10379000000A90ED001A40F2A001C2F2000191ED82
:1037A000002A31EE423A40F20C02C2F2000292EDDF
:1037B000004A24EE014A00EE034A40F20402C2F23B
:1037C000000292ED000A32EE022A31EE421A40F275
:1037D000CC02C2F2000292ED002A31EE021A00EE93
:1037E000014A40F28803C2F2000393ED000A30EE72
:1037F000040A83ED000AD1F800C0C2F800C00068D6
:10380000086093ED000ABDEEC00A8DED060AFFE7E1
:10381000069807B080BD000087B00146B0EE601A80
:10382000B0EE402A8DED050ACDED040A0390039811
:10383000012802918DED011A8DED002A17D1FFE7C5
:1038400040F25000C2F200000021016040F2A400EA
:10385000C2F20000016040F29800C2F20000016074
:1038600040F29400C2F2000001600691B2E09DEDCA
:10387000040A9DED051A30EE410A40F25000C2F2F2
:10388000000080ED000A90ED000A9FED541AB4EE9E
:10389000C10AF1EE10FA0DDDFFE740F25000C2F26E
:1038A000000090ED000A9FED4E1A30EE010A80ED07
:1038B000000AFFE740F25000C2F2000090ED000A5B
:1038C0009FED481AB4EEC10AF1EE10FA0DDAFFE7E7
:1038D00040F25000C2F2000090ED000A9FED421A43
:1038E00030EE010A80ED000AFFE740F25000C2F21C
:1038F000000090ED000A40F29400C2F2000090ED4A
:10390000001AB8EEC11A31EE000ABDEEC00A80ED11
:10391000000A006840F2DD51884208DBFFE740F210
:103920009400C2F2000040F2DC510160FFE740F277
:103930009400C2F2000000684FF62321CFF6FF7119
:1039400088420ADCFFE740F29400C2F200004FF622
:103950002421CFF6FF710160FFE740F23400C2F28C
:10396000000090ED000A40F25000C2F2000090ED1D
:10397000001A40F2E801C2F2000191ED002A40F283
:103980009401C2F2000191ED003AB8EEC33A22EE82
:10399000032A00EE012A40F2E401C2F2000191ED97
:1039A000000A40F2A401C2F2000191ED003A31EEAA
:1039B000431A00EE012A40F29802C2F2000282EDA0
:1039C000002A0068086092ED000ABDEEC00A8DED85
:1039D000060AFFE7069807B0704700BF00003443AF
:1039E0000000B4C3000034C30000B44380B596B0F7
:1039F000002015901490139012901190FFE7002072
:103A0000109043F63000C4F20200016841F0040156
:103A10000160006800F00400109010980C90FFE71F
:103A2000FFE700200F9043F63000C4F20200016867
:103A300041F080010160006800F080000F900F9855
:103A40000B90FFE7FFE700200E9043F63000C4F232
:103A50000200016841F001010160006800F001000E
:103A60000E900E980A90FFE7FFE700200D9043F6B6
:103A70003000C4F20200016841F0020101600068F8
:103A800000F002000D900D980990FFE740F600004D
:103A9000C4F202004FF400510022089007910692F0
:103AA000FCF710FF0020C4F20200F0210590049101
:103AB000069AFCF707FF40F20040C4F202004FF400
:103AC000704103900291069AFCF7FCFE0798119052
:103AD00001211291069A139214920DF1440E089846
:103AE00001917146CDF800E0FCF716FD04981190A5
:103AF00001991291069A1392149205980099FCF775
:103B00000BFD0298119001991291069A139214924A
:103B100003980099FCF700FD16B080BD80B596B003
:103B200000201590149013901290119010900F9007
:103B30000E900D900C900B900A90099008900790B1
:103B400006900590049003900290019040F2F001DD
:103B5000C2F200010022C4F201020A6042F2CF0266
:103B60004A6088606322CA60086148618020886179
:103B70000846FDF7EFFD002803D0FFE7FCF726FC21
:103B8000FFE74FF48050129040F2F000C2F20000C4
:103B900012A9FDF7E9FE002803D0FFE7FCF716FCA9
:103BA000FFE740F2F000C2F20000FEF753FC0028ED
:103BB00003D0FFE7FCF70AFCFFE70020109011900C
:103BC00040F2F000C2F2000010A9FDF73FFD00280E
:103BD00003D0FFE7FCF7FAFBFFE760200990002025
:103BE0000A900B900C900D900E900F9040F2F00107
:103BF000C2F2000109AA009008461146009AFEF799
:103C000079FB002803D0FFE7FCF7E0FBFFE740F279
:103C1000F000C2F2000009A90C22FEF76BFB00289D
:103C200003D0FFE7FCF7D2FBFFE7002001900290F2
:103C30000390049005904FF400510691089040F2D3
:103C4000F000C2F2000001A9FDF7A2FC002803D099
:103C5000FFE7FCF7BBFBFFE740F2F000C2F2000019
:103C6000FEF7DEFA16B080BD80B58CB003A8242123
:103C70000090FCF7E7FA00200290019040F2381122
:103C8000C2F200014FF0804EC1F800E04860886049
:103C90004FF0FF3EC1F80CE0086188614FF0010E63
:103CA000CDF80CE00490CDF814E006900790089051
:103CB000CDF824E00A900B9008460099FDF72AFF02
:103CC000002803D0FFE7FCF781FBFFE7002001900D
:103CD000029040F23810C2F2000001A9FDF7B6FCD4
:103CE000002803D0FFE7FCF771FBFFE70CB080BDB5
:103CF00080B58CB003A824210090FCF7A3FA002023
:103D00000290019040F28011C2F2000140F2004E98
:103D1000C4F2000EC1F800E0486088604FF6FF7EF4
:103D2000C1F80CE0086188614FF0010ECDF80CE09D
:103D30000490CDF814E0069007900890CDF824E0A8
:103D40000A900B9008460099FDF7E4FE002803D086
:103D5000FFE7FCF73BFBFFE700200190029040F2F9
:103D60008010C2F2000001A9FDF770FC002803D00A
:103D7000FFE7FCF72BFBFFE70CB080BD80B58CB0F4
:103D800003A824210090FCF75DFA00200290019026
:103D900040F2C811C2F2000140F6000EC4F2000E5B
:103DA000C1F800E0486088604FF6FF7EC1F80CE083
:103DB000086188614FF0010ECDF80CE00490CDF859
:103DC00014E0069007900890CDF824E00A900B903C
:103DD00008460099FDF79EFE002803D0FFE7FCF798
:103DE000F5FAFFE700200190029040F2C810C2F2FD
:103DF000000001A9FDF72AFC002803D0FFE7FCF72B
:103E0000E5FAFFE70CB080BD80B58CB003A8242193
:103E10000090FCF717FA00200290019040F2102168
:103E2000C2F2000140F6004EC4F2000EC1F800E0FC
:103E3000486088604FF0FF3EC1F80CE0086188617F
:103E40004FF0010ECDF80CE00490CDF814E0069090
:103E500007900890CDF824E00A900B90084600994E
:103E6000FDF758FE002803D0FFE7FCF7AFFAFFE7A5
:103E700000200190029040F21020C2F2000001A93F
:103E8000FDF7E4FB002803D0FFE7FCF79FFAFFE70C
:103E90000CB080BD80B58CB000200B900A900990CA
:103EA000089007900690059004900390029001906E
:103EB00040F25821C2F2000144F20002C4F20102B1
:103EC0000A6042F2CF024A6088606322CA600861D9
:103ED000802088610846FDF73DFC002803D0FFE7FD
:103EE000FCF774FAFFE74FF48050089040F2582036
:103EF000C2F2000008A9FDF737FD002803D0FFE754
:103F0000FCF764FAFFE740F25820C2F20000FEF727
:103F1000A1FA002803D0FFE7FCF758FAFFE760207A
:103F20000190002002900390059040F25821C2F2C7
:103F3000000101AA009008461146009AFEF7DAF93E
:103F4000002803D0FFE7FCF741FAFFE740F25820D2
:103F5000C2F2000001A90422FEF7CCF9002803D028
:103F6000FFE7FCF733FAFFE740F25820C2F2000007
:103F7000FEF756F90CB080BD80B540F2A020C2F229
:103F8000000041F20001C4F2010101604FF4E1318F
:103F9000416000218160C16001610C224261816148
:103FA000C161FFF723FA002803D0FFE7FCF70EFA00
:103FB000FFE780BDFFE7FEE780B584B001460390D0
:103FC00003980028029118DBFFE740F20040C4F29A
:103FD00002004FF4804101220190FCF773FC4FF482
:103FE000004100220198FCF76DFC039840F2F001BB
:103FF000C2F200010968486318E040F20040C4F2D0
:1040000002004FF4804100220090FCF75BFC4FF46B
:10401000004101220098FCF755FC0398404240F211
:10402000F001C2F2000109684863FFE704B080BDF7
:1040300080B584B00146039003980028029118DBF4
:10404000FFE740F20040C4F202004FF400510122A9
:104050000190FCF737FC4FF4805100220198FCF7E7
:1040600031FC039840F2F001C2F2000109680864D3
:1040700018E040F20040C4F202004FF480510022E8
:104080000090FCF71FFC4FF4005101220098FCF750
:1040900019FC0398404240F2F001C2F200010968A5
:1040A0000864FFE704B080BD80B584B0014603908A
:1040B00003980028029115DBFFE70020C4F20200FC
:1040C000102101220190FCF7FDFB20210022019824
:1040D000FCF7F8FB039840F25821C2F2000109688E
:1040E000486315E00020C4F2020020210022009065
:1040F000FCF7E8FB102101220098FCF7E3FB039892
:10410000404240F25821C2F2000109684863FFE7CB
:1041100004B080BD80B584B00146039003980028A8
:10412000029115DBFFE70020C4F2020040210122CA
:104130000190FCF7C7FB802100220198FCF7C2FB2D
:10414000039840F25821C2F200010968886315E023
:104150000020C4F20200402100220090FCF7B2FBD4
:10416000802101220098FCF7ADFB0398404240F209
:104170005821C2F2000109688863FFE704B080BDDE
:10418000FFE7FEE780B58BB013468C4686460A9063
:10419000099108920A9800F0070007900798C0F16B
:1041A000070005280493CDF80CC0CDF808E003D330
:1041B000FFE70420019004E00798C0F10700019098
:1041C000FFE70198069007980430062803D8FFE718
:1041D0000020009003E0079803380090FFE7009864
:1041E000059009980699012202FA01F10139084067
:1041F00005998840089B02FA01F1013919400843EA
:104200000BB080BD83B001460290029848F2A9022B
:10421000CAF60A0252FB0000C21202EBD07000EE96
:10422000100AB8EEC00A8DED010A9DED010A009159
:1042300003B0704700000000000000000000000014
:10424000EFF30980BFF36F8F154B1A681EF0100F44
:1042500008BF20ED108A20E9F04F10602DE9090019
:104260004FF0500080F31188BFF34F8FBFF36F8F73
:1042700001F0D0F94FF0000080F31188BDE809008B
:1042800019680868B0E8F04F1EF0100F08BFB0ECD6
:10429000108A80F30988BFF36F8F704700BF00BF9B
:1042A0000403002080B587B013468C4686460590EF
:1042B00004910392039801280293CDF804C0CDF82D
:1042C00000E017D1FFE740F2B000C2F20000002189
:1042D000016040F2B400C2F20000016040F2B80098
:1042E000C2F20000016040F28C00C2F200000160E6
:1042F000069173E004980599401A40F2B001C2F2A9
:1043000000010860086840F28C01C2F200010A68EE
:1043100010440860086841F28931884208DBFFE7F1
:1043200040F28C00C2F2000041F288310160FFE7E8
:1043300040F28C00C2F2000000684EF67741CFF6E2
:10434000FF7188420ADCFFE740F28C00C2F20000F5
:104350004EF67841CFF6FF710160FFE740F228008A
:10436000C2F2000090ED000A40F2B000C2F200007C
:10437000016801EE101AB8EEC11A40F22002C2F232
:10438000000292ED002A40F28C02C2F2000292ED8D
:10439000003AB8EEC33A22EE032A00EE012A40F2B8
:1043A0001802C2F2000292ED000A40F2B402C2F218
:1043B00000021368C91A01EE101AB8EEC11A00EE15
:1043C000012ABDEEC20A40F2B801C2F2000181ED3D
:1043D000000A0068106008680690FFE7069807B0BA
:1043E00080BD000080B587B013468C468646059098
:1043F00004910392039801280293CDF804C0CDF8EC
:1044000000E017D1FFE740F2BC00C2F2000000213B
:10441000016040F2C000C2F20000016040F2C4003E
:10442000C2F20000016040F29000C2F200000160A0
:10443000069173E004980599401A40F2BC01C2F25B
:1044400000010860086840F29001C2F200010A68A9
:1044500010440860086841F28931884208DBFFE7B0
:1044600040F29000C2F2000041F288310160FFE7A3
:1044700040F29000C2F2000000684EF67741CFF69D
:10448000FF7188420ADCFFE740F29000C2F20000B0
:104490004EF67841CFF6FF710160FFE740F22C0045
:1044A000C2F2000090ED000A40F2BC00C2F200002F
:1044B000016801EE101AB8EEC11A40F22402C2F2ED
:1044C000000292ED002A40F29002C2F2000292ED48
:1044D000003AB8EEC33A22EE032A00EE012A40F277
:1044E0001C02C2F2000292ED000A40F2C002C2F2C7
:1044F00000021368C91A01EE101AB8EEC11A00EED4
:10450000012ABDEEC20A40F2C401C2F2000181EDEF
:10451000000A0068106008680690FFE7069807B078
:1045200080BD000083B0B0EE401A8DED020A9DED13
:10453000020A9FED062A20EE020ABDEEC00A8DEDAA
:10454000010A01988DED001A03B070470000434541
:1045500083B0B0EE401A8DED020A9DED020A9FED88
:10456000082A20EE020A9FED072A80EE020ABDEE1D
:10457000C00A8DED010A01988DED001A03B0704755
:10458000000043450080BB45000000000000000023
:10459000074B19680868B0E8F04F80F30988BFF34B
:1045A0006F8F4FF0000080F31188704700BF00BF8D
:1045B0000403002080B584B00146029002980138BF
:1045C000B0F1807F019103D3FFE7012003901BE04E
:1045D000029801384EF21401CEF2000108604FF04B
:1045E000FF300F2100F062FE4EF21800CEF2000004
:1045F000002101604EF21000CEF200004FF0070ED5
:10460000C0F800E00391FFE7039804B080BD00000C
:1046100080B5FCF77FF901F08DF8012803D0FFE7A2
:10462000FFF7F6FFFFE780BD80B596B00AA83021FE
:10463000FBF708FE0020099008900790069005906F
:10464000FFE70020049043F64000C4F20200016836
:1046500041F080510160006800F08050049004989F
:104660000290FFE7FFE70020039047F20000C4F24A
:1046700000000168022262F38F310160006800F4DB
:104680004040039003980190FFE702200A90012127
:104690000D9110210E91109000211191082112917D
:1046A000542113911490042015900AA8FCF7DAFB0A
:1046B000002803D0FFE7FBF789FEFFE70F200590F6
:1046C00002200690002107914FF480520892099130
:1046D00005A9009008460099FCF7E6F9002803D0E8
:1046E000FFE7FBF773FEFFE716B080BD4EF688507C
:1046F000CEF20000016841F47001016070470000D3
:1047000080B540F2F000C2F20000FDF785FC80BDEC
:1047100085B00A460346049003910498006802900D
:1047200004980021C4F201018842019200931DD037
:10473000FFE70498B0F1804F18D0FFE7049840F2EB
:104740000041C4F20001884210D0FFE7049840F60F
:104750000001C4F20001884208D0FFE7049840F647
:104760000041C4F2000188420AD1FFE7029820F01C
:104770007000029003984068029908430290FFE796
:1047800004980021C4F20101884235D0FFE7049863
:10479000B0F1804F30D0FFE7049840F20041C4F2FE
:1047A0000001884228D0FFE7049840F60001C4F2D7
:1047B0000001884220D0FFE7049840F60041C4F28F
:1047C0000001884218D0FFE7049844F20001C4F2C7
:1047D0000101884210D0FFE7049844F20041C4F27E
:1047E0000101884208D0FFE7049844F60001C4F2B2
:1047F000010188420AD1FFE7029820F4407002903C
:104800000398C068029908430290FFE7029820F0DD
:1048100080000399496908430290039880680499CD
:10482000C862039800680499886204980021C4F261
:104830000101884205D1FFE70398006904990863E4
:10484000FFE70498016841F0040101600498012128
:10485000416102980499086005B0704780B587B03F
:1048600013468C468646069005910492059800F002
:104870001F00012101FA00F00390039806990A6ACB
:1048800022EA000008620498059901F01F0188409F
:1048900006990A6A104308620293CDF804C0CDF865
:1048A00000E007B080BD0000B0B589B09C469646D8
:1048B0000C46054608900791069205930898806873
:1048C0000490049820F47F40049007980699059A74
:1048D00041EA022108430499084304900498089986
:1048E0008860CDF80CC0CDF808E00194009509B0BF
:1048F000B0BD000085B00A460346049003910498B9
:1049000080680290029820F070000290039802994B
:10491000084340F0070002900298049988600192D1
:10492000009305B07047000087B00A460346069022
:1049300005910698006A03900698016A21F001012A
:104940000162069840680290069880690490049875
:1049500020F070000490049820F003000490059863
:104960000068049908430490039820F00200039023
:104970000598806803990843039006980021C4F2C3
:1049800001018842019200930ED1FFE7039820F0C5
:10499000080003900598C0680399084303900398A2
:1049A00020F004000390FFE706980021C4F2010103
:1049B000884213D1FFE7029820F480700290029899
:1049C00020F4007002900598406902990843029013
:1049D00005988069029908430290FFE702980699BA
:1049E000486004980699886105984068069948636C
:1049F00003980699086207B07047000087B00A461E
:104A00000346069005910698006A03900698016A8D
:104A100021F01001016206984068029006988069B2
:104A20000490049820F4E0400490049820F440702E
:104A3000049005980068049941EA002004900398C6
:104A400020F02000039005988068039941EA001047
:104A5000039006980021C4F201018842019200935C
:104A60000FD1FFE7039820F0800003900598C068FD
:104A7000039941EA00100390039820F0400003904E
:104A8000FFE706980021C4F20101884215D1FFE733
:104A9000029820F480600290029820F40060029056
:104AA00005984069029941EA800002900598806962
:104AB000029941EA80000290FFE702980699486057
:104AC0000498069988610598406806998863039858
:104AD0000699086207B0704787B00A4603460690F9
:104AE00005910698006A03900698016A21F4807186
:104AF00001620698406802900698C0690490049884
:104B000020F070000490049820F0030004900598B1
:104B10000068049908430490039820F400700390FF
:104B200005988068039941EA0020039006980021C7
:104B3000C4F201018842019200930FD1FFE703986C
:104B400020F4006003900598C068039941EA0020B2
:104B50000390039820F480600390FFE706980021FB
:104B6000C4F20101884215D1FFE7029820F4805079
:104B70000290029820F40050029005984069029932
:104B800041EA0010029005988069029941EA0010FC
:104B90000290FFE702980699486004980699C86158
:104BA000059840680699C86303980699086207B09B
:104BB0007047000087B00A460346069005910698A4
:104BC000006A03900698016A21F4805101620698F8
:104BD000406802900698C0690490049820F4E04070
:104BE0000490049820F4407004900598006804999B
:104BF00041EA00200490039820F4005003900598A7
:104C00008068039941EA0030039006980021C4F2BD
:104C100001018842019200930BD1FFE7029820F432
:104C20008040029005984069029941EA8010029004
:104C3000FFE702980699486004980699C8610598AC
:104C400040680699086403980699086207B070479F
:104C500080B588B013468C4686460790069105922B
:104C60000798006A03900798016A21F00101016228
:104C7000079880690490049820F0F000049005984B
:104C8000049941EA00100490039820F00A00039070
:104C9000069803990843039004980799886103983C
:104CA000079908620293CDF804C0CDF800E008B07F
:104CB00080BD000080B588B013468C4686460790BC
:104CC000069105920798006A03900798016A21F0FF
:104CD00010010162079880690490049820F47040E4
:104CE00004900598049941EA00300490039820F05C
:104CF000A00003900698039941EA001003900498DD
:104D0000079988610398079908620293CDF804C057
:104D1000CDF800E008B080BD80B584B001460390B6
:104D20000398806B029002980022C285029801913C
:104D3000FEF714F904B080BD85B0014604900091DF
:104D4000FFE7FFE70498006850E8030F20F4907035
:104D50000390FFE703980499096841E80302002AD9
:104D6000F0D1FFE7FFE7FFE7FFE70498006850E8AE
:104D7000050F20F001000290FFE7029804990968EE
:104D800041E80502002AF0D1FFE7FFE70498006B35
:104D9000012814D1FFE7FFE7FFE70498006850E817
:104DA000030F20F010000190FFE7019804990968B3
:104DB00041E80302002AF0D1FFE7FFE7FFE704988C
:104DC000202180F8421004980021016305B070474B
:104DD00080B582B00146019001980068C26822F057
:104DE0004002C2600198202280F841200198009181
:104DF000FEF70EFC002002B080BD000080B582B03E
:104E0000FFE70DF1070000F093FB002805D1FFE755
:104E10009DF80700FBF754FAF3E702B080BD0000ED
:104E200080B588B001460690002005900490069851
:104E300090F842002228019140F0A580FFE70698F3
:104E40008068B0F5805F14D1FFE7069800690028FC
:104E50000FD1FFE70698806A0490069800684068C2
:104E60006FF35F20049908800698816A023181629D
:104E700025E00698806A059006988068B0F5805F06
:104E80000AD0FFE70698806800280BD1FFE7069854
:104E90000069002806D1FFE7069800684068059978
:104EA000087007E006980068406800F07F000599E8
:104EB0000870FFE70698816A01318162FFE7069872
:104EC000C18D0139C1854FF6FF70014257D1FFE70F
:104ED00006980068C16821F02001C160069800684A
:104EE000C16821F48071C16006980068416921F0B1
:104EF000010141610698202180F8421006980021A6
:104F000041630698006B012831D1FFE70698002124
:104F10000163FFE7FFE70698006850E8030F20F001
:104F200010000390FFE703980699096841E803021F
:104F3000002AF0D1FFE7FFE706980068006810F04C
:104F4000100F0FD0FFE7FFE70020029006980068DF
:104F500000680290069800684068029002980090ED
:104F6000FFE7FFE70698818DFDF7EEFF03E0069867
:104F7000FEF720FBFFE700208DF81F0007E0002070
:104F80008DF81F0003E002208DF81F00FFE79DF859
:104F90001F0008B080BD000080B58CB001460B90AA
:104FA0000B980068006920F440500B9A1368D2688F
:104FB000104318610B9882680369D0F814C0C06967
:104FC0001A4342EA0C0210430A900B980068C0682A
:104FD00049F20C6290430A9A10430B9A1268D0600F
:104FE0000B980068406920F440700B9A136892692E
:104FF000104358610B98006841F20002C4F20102AC
:105000009042089109D0FFE70B98006841F20041F7
:10501000C4F20101884204D1FFE7FBF79BFE09902F
:1050200003E0FBF783FE0990FFE70B98C069B0F53A
:10503000004F31D1FFE709981921A0FB01010B9A1C
:10504000136852684FEA420CD20F07926246DDF8AD
:105050001CC006936346FBF7B9F848F21F51C5F22E
:10506000EB11A0FB01235B094FF0640C03FB1C0058
:105070004FF0320C0CEBC000A0FB01014FF4F87CA8
:105080000CEA111C0CEB0313C1F342111943069BEC
:1050900099600590049230E009981921A0FB010164
:1050A0000B9A136852684FEA820C920F0392624681
:1050B000DDF80CC002936346FBF788F848F21F51F5
:1050C000C5F2EB11A0FB01235B094FF0640C03FB5D
:1050D0001C004FF0320C0CEB0010A0FB01014FF054
:1050E000F00C0CEA511C0CEB0313C1F343111943F0
:1050F000029B996001900092FFE70CB080BD000018
:1051000080B586B013468C46864605900491ADF86E
:105110000E20049805998862BDF80E0005998885CF
:10512000BDF80E000599C8850598002141640598D1
:10513000222180F842100598006900280293CDF8DA
:1051400004C0CDF800E007D0FFE705980068C1680B
:1051500041F48071C160FFE705980068416941F042
:105160000101416105980068C16841F02001C160FA
:10517000002006B080BD000084B001460290029875
:1051800090F84100212800913DD1FFE70298806806
:10519000B0F5805F14D1FFE70298006900280FD1B5
:1051A000FFE70298006A0190019800886FF35F2082
:1051B0000299096848600298016A0231016208E0B8
:1051C0000298016A4A1C02620878029909684860DC
:1051D000FFE70298C18C0139C1844FF6FF7001428C
:1051E0000DD1FFE702980068C16821F08001C1601D
:1051F00002980068C16841F04001C160FFE70020EB
:105200008DF80F0003E002208DF80F00FFE79DF8F6
:105210000F0004B07047000080B540F2A020C2F239
:105220000000FDF7A1FE80BDFFE7FEE784B00A465F
:1052300003460390029103980299494288420192E1
:10524000009304DAFFE7029840420390FFE70398D7
:105250000299884203DDFFE702980390FFE7039875
:1052600004B0704782B001468DF807009DF9070031
:10527000002800910FDBFFE79DF9070000F01F01F8
:10528000012202FA01F140094EF20012CEF20002B0
:1052900042F82010FFE702B0704700004EF60C50B5
:1052A000CEF200000068C0F30220704784B00A46C6
:1052B00003468DF80F0002919DF90F00002801921E
:1052C00000930ADBFFE7029800019DF90F104EF2F0
:1052D0000042CEF2000288540BE0029800019DF8D3
:1052E0000F1001F00F014EF61452CEF20002885456
:1052F000FFE704B07047000084B0014603900398B4
:1053000000F0070001904EF60C50CEF2000002684B
:105310000292029A4FF6FF031A400292029A019BF0
:1053200042EA03220023C0F2FA531A430292029A7D
:105330000260009104B0704787B0B0EE412AB0EE31
:10534000603AB0EE404A8DED060ACDED050A8DEDCE
:10535000041A9DED050A9DED061A30EE410A8DED09
:10536000030A9DED030A9DED041AB4EEC10AF1EEA5
:1053700010FA8DED022A8DED013A8DED004A03DD24
:10538000FFE70498039013E09DED030A9DED041AD6
:10539000B1EE411AB4EEC10AF1EE10FA07DAFFE7F6
:1053A0009DED040AB1EE400A8DED030AFFE7FFE729
:1053B0009DED060A9DED031A30EE010A07B0704715
:1053C00080B592B0002011900F90FBF7B1FA0E90CB
:1053D000FFF72AF9FEF70AFBFEF7A0FBFEF744FCF5
:1053E000FEF786FCFEF7CAFCFEF70EFDFEF752FD47
:1053F000FEF7C2FD40F2A020C2F20000D0F800E0AB
:10540000DEF80C1041F02001CEF80C1040F2D8016B
:10541000C2F200010122FEF797F840F23811C2F201
:1054200000013C220D90084611460C92FCF740FD0D
:1054300040F28011C2F200010B9008460C99FCF773
:1054400037FD40F2C811C2F200010A9008460C99DB
:10545000FCF72EFD40F21021C2F20001099008462F
:105460000C99FCF725FD40F2F001C2F20001089012
:1054700008460F9A07911146FDF74EF80C21079A3E
:1054800006901046FDF748F840F25821C2F200019C
:10549000059008460F9A04911146FDF73DF8042146
:1054A000049A03901046FDF737F8079902900846D2
:1054B000FCF7EEF90190FFE740F2AC30C2F20000D9
:1054C00001788DF8431040F2A431C2F200018988BE
:1054D000ADF8401000788DF84200FFE79DF84300DA
:1054E0009DF842108842E7D1FFE7BDF9400000EE89
:1054F000100AB8EEC00A9FED0C1A80EE010A9FED6B
:105500000B1A20EE010A40F2EC00C2F2000080ED1E
:10551000000A006840F2E821C2F200010860FFE7DB
:10552000FFF76CFCFCE700BF0000004700003443BD
:1055300083B00146019040F2D530C2F200000078FD
:1055400040F2D432C2F2000212789042009104D1AB
:10555000FFE74FF0FF30029013E040F2D530C2F287
:105560000000017840F2C432C2F20002515C019A9C
:1055700011700178013101F00F01017000200290DB
:10558000FFE7029803B0704783B001468DF807002B
:1055900040F2D430C2F200000078013000F00F0079
:1055A0008DF806009DF8060040F2D532C2F20002E6
:1055B00012789042009104D1FFE74FF0FF30029043
:1055C00011E09DF8070040F2D431C2F200010A78E0
:1055D00040F2C433C2F2000398549DF806000870EC
:1055E00000200290FFE7029803B0704784B00A469B
:1055F00003460390029101920093FFE7FEE700004B
:1056000084B00A4603460390029101920093FFE79B
:10561000FEE7000080B588B040F2DC30C2F2000046
:105620000068002807D0FFE740F2E830C2F200002F
:10563000012101607CE040F2E830C2F2000000216C
:10564000016040F20430C2F200000068006B059077
:105650004FF0A530049005980068B0F1A53F12D135
:10566000FFE705984068B0F1A53F0CD1FFE705982A
:105670008068B0F1A53F06D1FFE70598C068B0F19A
:10568000A53F0DD0FFE740F20430C2F200000168F0
:1056900000683430019008460199FFF7A7FFFFE743
:1056A00040F2E030C2F20000006807900798B0FABC
:1056B00080F08DF81B009DF81B00C0F11F000390C7
:1056C000039800EB800040F20831C2F2000151F86B
:1056D000200000280AD1FFE745F2A670C0F60000BE
:1056E00040F6F631FFF78CFF0090FFE7039800EBE0
:1056F000800040F20831C2F2000101EB800002900C
:1057000002984168496841600298416808308142C6
:1057100005D1FFE70298416849684160FFE70298B8
:105720004068C06840F20431C2F200010860FFE73F
:1057300008B080BD81B040F2E430C2F200000068E1
:10574000002803D1FFE7012000900EE040F2DC309A
:10575000C2F200000068002803D1FFE70220009099
:1057600002E000200090FFE7FFE7009801B07047DB
:1057700002E008C8121F08C1002AFAD1704770471A
:10578000002001E001C1121F002AFBD17047000078
:1057900000000000000001020304060708090000E1
:1057A0000000010203042E2E2F4652454552544F4D
:1057B000532F736F757263652F7461736B732E63F0
:1057C00000000000E857000800000020480000002A
:1057D000705700083058000848000020A807000053
:1057E0008057000800000000CDCCCC3DCDCCCC3D96
:1057F000CDCC8C3ECDCC8C3E3333D33F3333D33FF3
:10580000C520803FC520803FF7CC923AF7CC923A32
:10581000B81E053EB81E053E0024F40000002041DD
:105820000000803FABAA66420100000010000000AB
>>>>>>> 8a274eeea5e1c58bf1cf451062b760e3f76587d0
:040000050800019559
:00000001FF
